CHEMICAL_ID,index,CHEMBL,KEGG,PUBCHEM,outlier_frequency_in_diabetes,outlier_frequency_in_pre_diab
35,S-1-pyrroline-5-carboxylate,CHEMBL1161508,C04322,1196.0,0.0,0.0
50,spermidine,CHEMBL19612,C00315,1102.0,0.0,0.0
55,1-methylnicotinamide,CHEMBL71733,C02918,457.0,0.05042016806722689,0.053763440860215055
62,"12,13-DiHOME",,C14829,10236635.0,0.0,0.0
71,5-hydroxyindoleacetate,CHEMBL395915,C05635,1826.0,0.0,0.0
93,alpha-ketoglutarate,CHEMBL1686,C00026,51.0,0.25210084033613445,0.15053763440860216
98,kynurenate,CHEMBL299155,C01717,3845.0,0.1092436974789916,0.07526881720430108
111,3-hydroxyisobutyrate,,C06001,87.0,0.23529411764705882,0.11827956989247312
112,3-hydroxy-3-methylglutarate,CHEMBL50444,C03761,1662.0,0.2773109243697479,0.1935483870967742
117,homovanillate (HVA),CHEMBL1562,C05582,1738.0,0.0,0.0
132,3-phosphoglycerate,CHEMBL87788,C00597,724.0,0.0,0.0
136,cholate,CHEMBL205596,C00695,221493.0,0.29411764705882354,0.13978494623655913
144,4-hydroxyphenylacetate,CHEMBL1772,C00642,127.0,0.0,0.0
158,"5,6-dihydrothymine",,C00906,93556.0,0.025210084033613446,0.043010752688172046
171,hypoxanthine,,C00262,790.0,0.07563025210084033,0.07526881720430108
179,"9,10-DiHOME",,C14828,9966640.0,0.0,0.0
180,linoleate (18:2n6),CHEMBL267476,C01595,5280450.0,0.09243697478991597,0.053763440860215055
181,laurate (12:0),CHEMBL108766,C02679,3893.0,0.1092436974789916,0.06451612903225806
182,quinolinate,CHEMBL286204,C03722,1066.0,0.15966386554621848,0.10752688172043011
189,"N6,N6,N6-trimethyllysine",,C03793,440120.0,0.1092436974789916,0.043010752688172046
192,N-acetylputrescine,CHEMBL81241,C02714,122356.0,0.10084033613445378,0.11827956989247312
194,N-formylmethionine,,C03145,439750.0,0.12605042016806722,0.10752688172043011
197,S-adenosylhomocysteine (SAH),CHEMBL418052,C00021,439155.0,0.0,0.0
207,"adenosine 3',5'-cyclic monophosphate (cAMP)",CHEMBL316966,C00575,6076.0,0.0,0.0
209,adenosine 5'-monophosphate (AMP),CHEMBL752,C00020,6083.0,0.1092436974789916,0.0967741935483871
212,5-methylthioadenosine (MTA),CHEMBL277041,C00170,439176.0,0.16806722689075632,0.15053763440860216
229,arachidonate (20:4n6),CHEMBL15594,C00219,444899.0,0.09243697478991597,0.07526881720430108
231,arginine,,C00062,232.0,0.025210084033613446,0.053763440860215055
234,aspartate,CHEMBL274323,C00049,5960.0,0.15966386554621848,0.043010752688172046
235,2-hydroxyphenylacetate,CHEMBL240714,C05852,11970.0,0.0,0.0
240,3-(4-hydroxyphenyl)lactate,CHEMBL1162489,C03672,9378.0,0.11764705882352941,0.07526881720430108
241,phenylpyruvate,CHEMBL1162488,C00166,997.0,0.008403361344537815,0.07526881720430108
244,beta-alanine,CHEMBL297569,C00099,239.0,0.05042016806722689,0.043010752688172046
249,carnosine,CHEMBL242948,C00386,439224.0,0.0,0.0
250,biliverdin,,C00500,5353439.0,0.008403361344537815,0.043010752688172046
252,succinate,CHEMBL576,C00042,1110.0,0.11764705882352941,0.11827956989247312
254,3-hydroxybutyrate (BHBA),CHEMBL1162496,C01089,441.0,0.226890756302521,0.15053763440860216
266,cholesterol,CHEMBL1867358,C00187,11025495.0,0.025210084033613446,0.010752688172043012
267,choline phosphate,CHEMBL1235161,C00588,1014.0,0.04201680672268908,0.03225806451612903
272,corticosterone,CHEMBL110739,C02140,5753.0,0.0,0.0
273,cortisone,CHEMBL1499,C00762,222786.0,0.025210084033613446,0.03225806451612903
275,creatinine,CHEMBL65567,C00791,588.0,0.06722689075630252,0.053763440860215055
278,cysteinylglycine,CHEMBL371579,C01419,439498.0,0.0,0.0
279,cystine,CHEMBL590540,C00491,67678.0,0.11764705882352941,0.11827956989247312
297,sphingosine,CHEMBL67166,C00319,5353955.0,0.24369747899159663,0.1827956989247312
302,deoxycholate,CHEMBL406393,C04483,222528.0,0.0,0.0
310,cystathionine,,C02291,439258.0,0.0,0.0
313,sphinganine,,C00836,3126.0,0.18487394957983194,0.17204301075268819
327,flavin adenine dinucleotide (FAD),CHEMBL1232653,C00016,643975.0,0.0,0.0
330,fumarate,CHEMBL503160,C00122,444972.0,0.15966386554621848,0.043010752688172046
331,gamma-glutamylglutamate,,C05282,92865.0,0.21008403361344538,0.15053763440860216
338,gluconate,CHEMBL464345,C00257,10690.0,0.31932773109243695,0.08602150537634409
339,glutarate (C5-DC),CHEMBL1162495,C00489,743.0,0.0,0.0
340,glycine,CHEMBL773,C00037,750.0,0.0,0.06451612903225806
342,glycocholate,CHEMBL411070,C01921,10140.0,0.25210084033613445,0.17204301075268819
344,guanidinoacetate,CHEMBL281593,C00581,763.0,0.01680672268907563,0.07526881720430108
355,histidine,CHEMBL17962,C00135,6274.0,0.058823529411764705,0.053763440860215055
356,cortisol,CHEMBL389621,C00735,5754.0,0.05042016806722689,0.053763440860215055
358,hypotaurine,CHEMBL1256480,C00519,107812.0,0.0,0.0
361,inosine,,C00294,6021.0,0.0,0.0
363,myo-inositol,CHEMBL3976780,C00137,892.0,0.05042016806722689,0.0967741935483871
376,isoleucine,CHEMBL1233584,C00407,6306.0,0.12605042016806722,0.053763440860215055
381,2-aminoadipate,CHEMBL433238,C00956,469.0,0.0,0.0
391,citrulline,CHEMBL444814,C00327,9750.0,0.025210084033613446,0.0
393,lactose,,C00243,84571.0,0.0,0.0
397,leucine,CHEMBL291962,C00123,6106.0,0.08403361344537816,0.06451612903225806
407,lysine,CHEMBL8085,C00047,5962.0,0.025210084033613446,0.021505376344086023
409,malate,CHEMBL1455497,C00149,525.0,0.16806722689075632,0.06451612903225806
415,methionine,CHEMBL42336,C00073,6137.0,0.01680672268907563,0.03225806451612903
424,palmitate (16:0),CHEMBL82293,C00249,985.0,0.13445378151260504,0.053763440860215055
432,nicotinamide,CHEMBL1140,C00153,936.0,0.08403361344537816,0.03225806451612903
439,stearate (18:0),CHEMBL46403,C01530,5281.0,0.15126050420168066,0.053763440860215055
444,ornithine,CHEMBL446143,C00077,6262.0,0.01680672268907563,0.010752688172043012
445,orotate,CHEMBL1235017,C00295,967.0,0.03361344537815126,0.07526881720430108
452,palmitoleate (16:1n7),CHEMBL453509,C08362,445638.0,0.06722689075630252,0.08602150537634409
460,phenylalanine,CHEMBL301523,C00079,6140.0,0.03361344537815126,0.0967741935483871
461,phosphate,,C00009,1061.0,0.05042016806722689,0.053763440860215055
480,proline,CHEMBL54922,C00148,145742.0,0.15126050420168066,0.07526881720430108
482,lactate,CHEMBL1200559,C00186,612.0,0.3865546218487395,0.10752688172043011
491,pyridoxal,CHEMBL102970,C00250,1050.0,0.0,0.0
498,retinol (Vitamin A),CHEMBL986,C00473,445354.0,0.04201680672268908,0.010752688172043012
501,salicylate,CHEMBL424,C00805,338.0,0.21008403361344538,0.21505376344086022
503,serine,CHEMBL11298,C00065,5951.0,0.01680672268907563,0.021505376344086023
504,serotonin,CHEMBL39,C00780,5202.0,0.07563025210084033,0.043010752688172046
512,taurine,CHEMBL239243,C00245,1123.0,0.025210084033613446,0.021505376344086023
519,myristate (14:0),CHEMBL111077,C06424,11005.0,0.06722689075630252,0.043010752688172046
533,urea,CHEMBL985,C00086,1176.0,0.07563025210084033,0.03225806451612903
535,uridine,CHEMBL100259,C00299,6029.0,0.025210084033613446,0.043010752688172046
537,trans-urocanate,CHEMBL1236602,C00785,736715.0,0.008403361344537815,0.053763440860215055
561,glutamate,CHEMBL276389,C00025,611.0,0.2605042016806723,0.15053763440860216
563,glutamine,CHEMBL930,C00064,5961.0,0.025210084033613446,0.021505376344086023
564,threonine,CHEMBL291747,C00188,6288.0,0.008403361344537815,0.043010752688172046
565,tryptophan,CHEMBL54976,C00078,6305.0,0.01680672268907563,0.021505376344086023
566,valine,CHEMBL43068,C00183,6287.0,0.1092436974789916,0.053763440860215055
567,nicotinate,CHEMBL573,C00253,938.0,0.0,0.0
572,glucose,CHEMBL1222250,C00031,5793.0,0.7899159663865546,0.1935483870967742
796,alpha-ketobutyrate,CHEMBL171246,C00109,58.0,0.23529411764705882,0.08602150537634409
798,adenosine,CHEMBL477,C00212,60961.0,0.0,0.0
799,betaine,CHEMBL1182,C00719,247.0,0.058823529411764705,0.010752688172043012
800,cysteine,CHEMBL863,C00097,5862.0,0.025210084033613446,0.021505376344086023
803,mannose,CHEMBL469448,C00159,18950.0,0.5882352941176471,0.17204301075268819
806,dimethylglycine,CHEMBL1232274,C01026,673.0,0.08403361344537816,0.0967741935483871
811,alanine,CHEMBL279597,C00041,5950.0,0.16806722689075632,0.13978494623655913
815,tyrosine,CHEMBL925,C00082,6057.0,0.058823529411764705,0.07526881720430108
821,pseudouridine,CHEMBL3144027,C02067,15047.0,0.10084033613445378,0.11827956989247312
823,pyruvate,CHEMBL1162144,C00022,1060.0,0.4369747899159664,0.12903225806451613
825,uracil,CHEMBL566,C00106,1174.0,0.0,0.0
826,xylose,CHEMBL502135,C00181,135191.0,0.0,0.0
827,cytidine,CHEMBL95606,C00475,6175.0,0.0,0.0
848,cotinine,CHEMBL578211,,854019.0,0.0,0.0
849,caffeine,CHEMBL113,C07481,2519.0,0.18487394957983194,0.16129032258064516
878,fructose,CHEMBL1232863,C00095,5984.0,0.226890756302521,0.06451612903225806
880,adenine,CHEMBL226345,C00147,190.0,0.10084033613445378,0.0967741935483871
881,cytosine,CHEMBL15913,C00380,597.0,0.0,0.0
888,caprate (10:0),CHEMBL107498,C01571,2969.0,0.058823529411764705,0.03225806451612903
891,margarate (17:0),CHEMBL1172910,,10465.0,0.16806722689075632,0.06451612903225806
892,nonadecanoate (19:0),CHEMBL1169674,C16535,12591.0,0.07563025210084033,0.06451612903225806
893,arachidate (20:0),CHEMBL1173381,C06425,10467.0,0.058823529411764705,0.043010752688172046
913,maltose,,C00208,10991489.0,0.0,0.0
917,asparagine,CHEMBL58832,C00152,6267.0,0.01680672268907563,0.0
922,N-stearoyl-sphinganine (d18:0/18:0)*,,,5283573.0,0.0,0.0
923,dihydroorotate,CHEMBL75782,C00337,648.0,0.0,0.0
926,caproate (6:0),CHEMBL14184,C01585,8892.0,0.0,0.0
932,caprylate (8:0),CHEMBL324846,C06423,379.0,0.0,0.0
980,pentadecanoate (15:0),CHEMBL460025,C16537,13849.0,0.09243697478991597,0.053763440860215055
1001,trans-4-hydroxyproline,CHEMBL352418,C01157,5810.0,0.13445378151260504,0.07526881720430108
1002,allantoin,CHEMBL593429,C02350,204.0,0.07563025210084033,0.021505376344086023
1004,xanthine,CHEMBL1424,C00385,1188.0,0.16806722689075632,0.16129032258064516
1021,5-oxoproline,CHEMBL397976,C01879,7405.0,0.05042016806722689,0.053763440860215055
1022,picolinate,CHEMBL72628,C10164,1018.0,0.0,0.0
1023,sarcosine,CHEMBL304383,C00213,1088.0,0.05042016806722689,0.07526881720430108
1024,pantothenate,CHEMBL1594,C00864,6613.0,0.21008403361344538,0.15053763440860216
1025,pipecolate,CHEMBL308408,C00408,849.0,0.10084033613445378,0.07526881720430108
1026,phosphoethanolamine,CHEMBL146972,C00346,1015.0,0.05042016806722689,0.021505376344086023
1052,glycerate,,C00258,752.0,0.025210084033613446,0.021505376344086023
1053,3-ureidopropionate,CHEMBL20962,C02642,111.0,0.0,0.0
1082,N-acetylleucine,CHEMBL56021,C02710,70912.0,0.226890756302521,0.07526881720430108
1083,N-acetylmethionine,,C02712,448580.0,0.13445378151260504,0.07526881720430108
1084,N-acetylvaline,,,66789.0,0.15966386554621848,0.10752688172043011
1087,erucate (22:1n9),CHEMBL1173380,C08316,5281116.0,0.06722689075630252,0.07526881720430108
1090,"bilirubin (Z,Z)",CHEMBL501680,C00486,5280352.0,0.01680672268907563,0.03225806451612903
1094,thyroxine,CHEMBL1624,C01829,5819.0,0.10084033613445378,0.053763440860215055
1102,gamma-glutamyltyrosine,,,94340.0,0.07563025210084033,0.15053763440860216
1104,methyl indole-3-acetate,CHEMBL4529044,,74706.0,0.0,0.0
1105,alpha-tocopherol,CHEMBL47,C02477,14985.0,0.09243697478991597,0.053763440860215055
1110,N-acetylalanine,CHEMBL1231115,C02847,88064.0,0.13445378151260504,0.11827956989247312
1111,vanillylmandelate (VMA),CHEMBL1256396,C05584,1245.0,0.06722689075630252,0.10752688172043011
1113,4-acetamidobutanoate,,C02946,18189.0,0.11764705882352941,0.12903225806451613
1114,3-aminoisobutyrate,CHEMBL3544550,C05145,64956.0,0.01680672268907563,0.021505376344086023
1124,citrate,CHEMBL1261,C00158,311.0,0.01680672268907563,0.053763440860215055
1128,2-aminobutyrate,CHEMBL553426,C02261,439691.0,0.05042016806722689,0.043010752688172046
1134,urate,CHEMBL792,C00366,1175.0,0.058823529411764705,0.06451612903225806
1135,ursodeoxycholate,CHEMBL1551,C07880,31401.0,0.0,0.0
1137,oleoyl ethanolamide,CHEMBL280065,,5283454.0,0.05042016806722689,0.043010752688172046
1140,gamma-glutamylglutamine,,C05283,150914.0,0.008403361344537815,0.010752688172043012
1141,4-hydroxyphenylpyruvate,CHEMBL607712,C01179,979.0,0.25210084033613445,0.12903225806451613
1143,butyrate/isobutyrate (4:0),CHEMBL14227,C00246,264.0,0.0,0.0
1161,tigloylglycine,,,6441567.0,0.0,0.0
1162,N-acetylneuraminate,CHEMBL4280954,C00270,439197.0,0.21008403361344538,0.16129032258064516
1215,N-acetylglucosaminylasparagine,,C04540,123826.0,0.0,0.0
1218,acetoacetate,CHEMBL1230762,C00164,96.0,0.0,0.0
1221,creatine,CHEMBL283800,C00300,586.0,0.04201680672268908,0.0967741935483871
1224,"cys-gly, oxidized",,,333293.0,0.05042016806722689,0.053763440860215055
1230,estrone 3-sulfate,CHEMBL494753,C02538,3001028.0,0.0,0.0
1231,dihomo-linoleate (20:2n6),CHEMBL464983,C16525,6439848.0,0.19327731092436976,0.043010752688172046
1235,gamma-glutamylhistidine,,,7017195.0,0.058823529411764705,0.11827956989247312
1239,2-hydroxystearate,CHEMBL4562220,C03045,69417.0,0.058823529411764705,0.053763440860215055
1242,N1-methyladenosine,CHEMBL1866485,C02494,27476.0,0.10084033613445378,0.08602150537634409
1254,glycerol,CHEMBL692,C00116,753.0,0.14285714285714285,0.11827956989247312
1256,choline,CHEMBL920,C00114,305.0,0.07563025210084033,0.03225806451612903
1268,gamma-glutamylleucine,,,151023.0,0.14285714285714285,0.08602150537634409
1342,3-methoxytyrosine,,,1670.0,0.10084033613445378,0.0967741935483871
1382,fluoxetine,CHEMBL41,D00326,3386.0,0.0,0.0
1383,4-acetamidophenol,CHEMBL112,C06804,1983.0,0.0,0.0
1384,naproxen,CHEMBL154,C01517,156391.0,0.0,0.0
1442,beta-hydroxyisovalerate,CHEMBL4303793,,69362.0,0.08403361344537816,0.08602150537634409
1487,ibuprofen,CHEMBL521,D00126,3672.0,0.0,0.0
1488,arachidonoyl ethanolamide,CHEMBL15848,C11695,5281969.0,0.0,0.0
1489,palmitoyl ethanolamide,CHEMBL417675,C16512,4671.0,0.01680672268907563,0.043010752688172046
1518,N-palmitoyl-sphingosine (d18:1/16:0),CHEMBL35292,,5283564.0,0.09243697478991597,0.043010752688172046
1526,1-palmitoyl-2-oleoyl-GPE (16:0/18:1),,,5283496.0,0.2857142857142857,0.16129032258064516
1528,1-palmitoyl-2-linoleoyl-GPI (16:0/18:2),,,,0.16806722689075632,0.12903225806451613
1537,1-palmitoyl-2-linoleoyl-GPC (16:0/18:2),,,5287971.0,0.04201680672268908,0.0
1538,stearoyl sphingomyelin (d18:1/18:0),CHEMBL1609656,C00550,6453725.0,0.01680672268907563,0.10752688172043011
1539,1-palmitoyl-2-oleoyl-GPC (16:0/18:1),CHEMBL285376,,6436017.0,0.0,0.010752688172043012
1547,N-stearoyl-sphingosine (d18:1/18:0)*,,,5283565.0,0.16806722689075632,0.13978494623655913
1628,glycochenodeoxycholate,CHEMBL1552,C05466,12544.0,0.2773109243697479,0.17204301075268819
1629,taurochenodeoxycholate,CHEMBL185878,C05465,387316.0,0.24369747899159663,0.22580645161290322
1648,taurocholate,CHEMBL224867,C05122,6675.0,0.0,0.0
1668,taurodeoxycholate,CHEMBL412272,C05463,2733768.0,0.0,0.0
1869,2-hydroxyhippurate (salicylurate),CHEMBL586,C07588,10253.0,0.2605042016806723,0.21505376344086022
2028,metoprolol,CHEMBL13,D02358,4171.0,0.0,0.0
2048,3-(N-acetyl-L-cystein-S-yl) acetaminophen,,,83967.0,0.0,0.0
2049,4-acetaminophen sulfate,CHEMBL3544802,C06804,83939.0,0.0,0.0
2050,eicosapentaenoate (EPA; 20:5n3),CHEMBL460026,C06428,446284.0,0.05042016806722689,0.0967741935483871
2051,methylsuccinate,,,10349.0,0.08403361344537816,0.053763440860215055
2054,ethylmalonate,CHEMBL1160009,,11756.0,0.17647058823529413,0.08602150537634409
100000007,carnitine,CHEMBL1149,C00318,10917.0,0.01680672268907563,0.010752688172043012
100000008,benzoate,CHEMBL541,C00180,243.0,0.0,0.0
100000010,3-phenylpropionate (hydrocinnamate),CHEMBL851,C05629,107.0,0.0,0.0
100000011,phenylacetate,CHEMBL1044,C07086,999.0,0.0,0.0
100000014,hippurate,CHEMBL461,C01586,464.0,0.05042016806722689,0.043010752688172046
100000015,xanthurenate,CHEMBL312535,C02470,5699.0,0.0,0.0
100000016,suberate (C8-DC),CHEMBL1162491,C08278,10457.0,0.0,0.0
100000036,3-methyl-2-oxovalerate,,C00671,47.0,0.17647058823529413,0.07526881720430108
100000039,methionine sulfoxide,CHEMBL445753,C02989,158980.0,0.07563025210084033,0.021505376344086023
100000042,3-methylhistidine,,C01152,64969.0,0.05042016806722689,0.07526881720430108
100000043,4-acetamidophenylglucuronide,CHEMBL1647,,83944.0,0.0,0.0
100000054,5-hydroxylysine,CHEMBL145167,C16741,1029.0,0.0,0.0
100000096,4-guanidinobutanoate,CHEMBL21157,C01035,500.0,0.058823529411764705,0.08602150537634409
100000257,glucuronate,,C00191,444791.0,0.17647058823529413,0.06451612903225806
100000258,glycerol 3-phosphate,CHEMBL358320,C00093,754.0,0.0,0.0
100000263,imidazole lactate,,C05568,793.0,0.06722689075630252,0.03225806451612903
100000265,kynurenine,CHEMBL498416,C00328,161166.0,0.06722689075630252,0.11827956989247312
100000269,glycerophosphorylcholine (GPC),CHEMBL4750376,C00670,71920.0,0.09243697478991597,0.043010752688172046
100000276,maltotriose,CHEMBL4637211,C01835,439586.0,0.0,0.0
100000282,N-acetylglutamate,CHEMBL1234751,C00624,70914.0,0.0,0.0
100000285,N-alpha-acetylornithine,,C00437,439232.0,0.0,0.0
100000295,tartarate,CHEMBL1236315,C00898,444305.0,0.0,0.0
100000299,xanthosine,CHEMBL402439,C01762,64959.0,0.0,0.0
100000406,ribitol,CHEMBL3137744,C00474,6912.0,0.29411764705882354,0.10752688172043011
100000436,glycodeoxycholate,CHEMBL258605,C05464,3035026.0,0.0,0.0
100000437,theophylline,CHEMBL190,C07130,2153.0,0.03361344537815126,0.06451612903225806
100000442,quinate,CHEMBL465398,C00296,6508.0,0.03361344537815126,0.043010752688172046
100000445,theobromine,CHEMBL1114,C07480,5429.0,0.08403361344537816,0.0967741935483871
100000447,gentisate,CHEMBL1461,C00628,3469.0,0.0,0.0
100000453,paraxanthine,CHEMBL1158,C13747,4687.0,0.0,0.0
100000463,indolelactate,CHEMBL485011,C02043,92904.0,0.025210084033613446,0.010752688172043012
100000467,3-indoxyl sulfate,CHEMBL1233636,,10258.0,0.058823529411764705,0.03225806451612903
100000491,gamma-glutamylphenylalanine,,,111299.0,0.0,0.0
100000551,4-methyl-2-oxopentanoate,CHEMBL445647,C00233,70.0,0.09243697478991597,0.06451612903225806
100000580,"1,5-anhydroglucitol (1,5-AG)",CHEMBL344637,C07326,64960.0,0.008403361344537815,0.0967741935483871
100000611,1-palmityl-GPC (O-16:0),,,3983.0,0.03361344537815126,0.021505376344086023
100000616,1-stearoyl-2-arachidonoyl-GPI (18:0/20:4),,,,0.025210084033613446,0.0
100000626,sphingosine 1-phosphate,CHEMBL225155,C06124,5283560.0,0.058823529411764705,0.06451612903225806
100000639,1-stearoyl-2-oleoyl-GPS (18:0/18:1),,,9547087.0,0.11764705882352941,0.15053763440860216
100000656,1-stearoyl-GPI (18:0),,,,0.025210084033613446,0.053763440860215055
100000657,"1,2-dipalmitoyl-GPC (16:0/16:0)",CHEMBL1200737,D03585,452110.0,0.03361344537815126,0.010752688172043012
100000665,docosahexaenoate (DHA; 22:6n3),CHEMBL367149,C06429,445580.0,0.04201680672268908,0.06451612903225806
100000672,1-myristoyl-2-palmitoyl-GPC (14:0/16:0),,,129657.0,0.07563025210084033,0.053763440860215055
100000706,alpha-hydroxyisocaproate,,C03264,83697.0,0.08403361344537816,0.10752688172043011
100000707,maleate,CHEMBL539648,C01384,444266.0,0.40336134453781514,0.15053763440860216
100000711,4-acetylphenol sulfate,,,4684006.0,0.0,0.0
100000743,2-hydroxyoctanoate,CHEMBL4447980,,94180.0,0.058823529411764705,0.053763440860215055
100000765,levulinate (4-oxovalerate),CHEMBL1235931,,11579.0,0.0,0.0
100000773,3-hydroxyoctanoate,,,26613.0,0.2605042016806723,0.1935483870967742
100000774,phenyllactate (PLA),CHEMBL1778420,C05607,3848.0,0.06722689075630252,0.010752688172043012
100000776,palmitoylcarnitine (C16),CHEMBL301722,C02990,461.0,0.04201680672268908,0.043010752688172046
100000781,hexanoylcarnitine (C6),,,6426853.0,0.10084033613445378,0.10752688172043011
100000784,theanine,CHEMBL3039113,C01047,439378.0,0.0,0.0
100000787,N-acetylaspartate (NAA),CHEMBL1162494,C01042,65065.0,0.0,0.010752688172043012
100000792,dehydroepiandrosterone sulfate (DHEA-S),CHEMBL259898,C04555,12594.0,0.008403361344537815,0.043010752688172046
100000802,acetylcarnitine (C2),,C02571,1.0,0.058823529411764705,0.053763440860215055
100000808,cysteine s-sulfate,CHEMBL457665,C05824,115015.0,0.14285714285714285,0.06451612903225806
100000827,1-palmitoylglycerol (16:0),CHEMBL1078140,,14900.0,0.13445378151260504,0.10752688172043011
100000840,tartronate (hydroxymalonate),CHEMBL1794676,C02287,45.0,0.0,0.010752688172043012
100000841,oxalate (ethanedioate),CHEMBL146755,C00209,971.0,0.0,0.0
100000846,erythritol,CHEMBL349605,C00503,222285.0,0.2605042016806723,0.12903225806451613
100000870,saccharin,CHEMBL310671,D01085,5143.0,0.0,0.0
100000882,3-hydroxymyristate,CHEMBL4456892,,16064.0,0.06722689075630252,0.07526881720430108
100000900,iminodiacetate (IDA),CHEMBL461164,C19911,8897.0,0.058823529411764705,0.07526881720430108
100000924,1-oleoylglycerol (18:1),CHEMBL428593,,5283468.0,0.15126050420168066,0.043010752688172046
100000936,3-methyl-2-oxobutyrate,CHEMBL146554,C00141,49.0,0.14285714285714285,0.0967741935483871
100000961,homoarginine,CHEMBL589752,C01924,9085.0,0.058823529411764705,0.0967741935483871
100000963,homocitrulline,,C02427,65072.0,0.0,0.0
100000966,pyroglutamylglutamine,,,14889607.0,0.0,0.0
100000967,bradykinin,CHEMBL406291,C00306,439201.0,0.0,0.0
100000987,2-linoleoylglycerol (18:2),,,5365676.0,0.0,0.0
100000997,3-hydroxydecanoate,CHEMBL4448230,,26612.0,0.15966386554621848,0.13978494623655913
100001002,EDTA,CHEMBL858,C00284,6049.0,0.06722689075630252,0.10752688172043011
100001006,N-acetylglycine,CHEMBL289004,,10972.0,0.025210084033613446,0.021505376344086023
100001007,ribonate,,C01685,5460677.0,0.25210084033613445,0.0967741935483871
100001022,threonate,,C01620,151152.0,0.04201680672268908,0.0
100001026,galactonate,,C00880,128869.0,0.0,0.0
100001033,beta-sitosterol,CHEMBL221542,C01753,222284.0,0.0,0.0
100001034,indoleacetate,CHEMBL82411,C00954,802.0,0.06722689075630252,0.07526881720430108
100001040,1-linoleoylglycerol (18:2),CHEMBL458250,,5283469.0,0.13445378151260504,0.053763440860215055
100001051,1-methylhistidine,CHEMBL1233327,C01152,92105.0,0.10084033613445378,0.03225806451612903
100001054,butyrylcarnitine (C4),CHEMBL2074693,C02862,439829.0,0.21008403361344538,0.15053763440860216
100001055,isobutyrylcarnitine (C4),,,168379.0,0.08403361344537816,0.043010752688172046
100001063,7-ketodeoxycholate,CHEMBL3392000,,188292.0,0.0,0.0
100001064,glycolithocholate,CHEMBL258818,C15557,115245.0,0.0,0.0
100001073,androsterone sulfate,CHEMBL2074598,,159663.0,0.05042016806722689,0.010752688172043012
100001083,indolepropionate,CHEMBL207225,,3744.0,0.01680672268907563,0.053763440860215055
100001086,N-(2-furoyl)glycine,CHEMBL456404,,21863.0,0.0,0.0
100001092,trigonelline (N'-methylnicotinate),CHEMBL350675,C01004,5570.0,0.09243697478991597,0.043010752688172046
100001102,dodecanedioate (C12-DC),CHEMBL3182356,C02678,12736.0,0.13445378151260504,0.11827956989247312
100001103,"glutamate, gamma-methyl ester",CHEMBL1233072,,68662.0,0.0,0.0
100001104,N-acetyltyrosine,CHEMBL65543,,68310.0,0.07563025210084033,0.053763440860215055
100001106,"1,3-dimethylurate",CHEMBL795,,70346.0,0.0,0.0
100001108,3-methylxanthine,CHEMBL619,C16357,70639.0,0.0,0.0
100001112,3-hydroxylaurate,CHEMBL4288936,,94216.0,0.06722689075630252,0.06451612903225806
100001121,pyridoxate,,C00847,6723.0,0.18487394957983194,0.08602150537634409
100001126,gamma-glutamylvaline,,,7015683.0,0.1092436974789916,0.11827956989247312
100001132,pyroglutamylvaline,,,152416.0,0.0,0.0
100001145,3-hydroxysebacate,,,3017884.0,0.0,0.0
100001148,5-hydroxyhexanoate,,,170748.0,0.0,0.0
100001150,propionylglycine,,,98681.0,0.0,0.0
100001153,2-hydroxyadipate,,C02360,193530.0,0.0,0.0
100001161,valylglutamate,,,7009623.0,0.0,0.0
100001162,propionylcarnitine (C3),CHEMBL2074916,C03017,107738.0,0.058823529411764705,0.07526881720430108
100001167,pro-hydroxy-pro,,,11673055.0,0.05042016806722689,0.053763440860215055
100001170,3-hydroxy-2-ethylpropionate,CHEMBL1160011,,188979.0,0.11764705882352941,0.07526881720430108
100001178,3-carboxy-4-methyl-5-propyl-2-furanpropanoate (CMPF),CHEMBL1231562,,123979.0,0.07563025210084033,0.11827956989247312
100001181,docosapentaenoate (n3 DPA; 22:5n3),,C16513,6441454.0,0.10084033613445378,0.08602150537634409
100001182,docosadienoate (22:2n6),,C16533,5282807.0,0.12605042016806722,0.06451612903225806
100001193,adrenate (22:4n6),CHEMBL1491103,C16527,5497181.0,0.23529411764705882,0.15053763440860216
100001197,10-undecenoate (11:1n1),,C13910,14891.0,0.03361344537815126,0.010752688172043012
100001198,myristoleate (14:1n5),CHEMBL456732,C08322,5281119.0,0.03361344537815126,0.08602150537634409
100001207,4-imidazoleacetate,CHEMBL784,C02835,96215.0,0.0,0.0
100001208,1-methyl-4-imidazoleacetate,,C05828,75810.0,0.058823529411764705,0.08602150537634409
100001211,sebacate (C10-DC),CHEMBL1232164,C08277,5192.0,0.0,0.0
100001229,stearidonate (18:4n3),CHEMBL484430,C16300,5312508.0,0.058823529411764705,0.08602150537634409
100001232,5-dodecenoate (12:1n7),CHEMBL1169837,,5312378.0,0.05042016806722689,0.07526881720430108
100001237,"bradykinin, hydroxy-pro(3)",,,169947.0,0.0,0.0
100001247,octanoylcarnitine (C8),CHEMBL3559487,C02838,123701.0,0.1092436974789916,0.07526881720430108
100001250,tauro-beta-muricholate,,,168408.0,0.0,0.0
100001251,decanoylcarnitine (C10),CHEMBL3559489,,10245190.0,0.06722689075630252,0.08602150537634409
100001253,N-acetylglutamine,CHEMBL1234757,C02716,182230.0,0.0,0.0
100001254,N-acetyltryptophan,CHEMBL54170,C03137,700653.0,0.12605042016806722,0.08602150537634409
100001256,N-acetylphenylalanine,CHEMBL55743,C03519,74839.0,0.11764705882352941,0.0967741935483871
100001262,gamma-glutamyl-epsilon-lysine,,,7015685.0,0.0,0.0
100001263,1-palmitoyl-GPC (16:0),,,86554.0,0.05042016806722689,0.010752688172043012
100001264,1-margaroyl-GPC (17:0),CHEMBL467935,C04230,24779463.0,0.03361344537815126,0.021505376344086023
100001266,N-acetylarginine,,C02562,67427.0,0.05042016806722689,0.03225806451612903
100001267,piperine,CHEMBL43185,C03882,638024.0,0.10084033613445378,0.07526881720430108
100001269,campesterol,CHEMBL520535,C01789,173183.0,0.0,0.0
100001270,myristoylcarnitine (C14),,,6426854.0,0.07563025210084033,0.053763440860215055
100001271,1-stearoyl-GPC (18:0),CHEMBL3093101,,497299.0,0.03361344537815126,0.010752688172043012
100001272,1-oleoyl-GPC (18:1),CHEMBL3093102,,16081932.0,0.01680672268907563,0.0
100001274,N-acetylthreonine,,,152204.0,0.06722689075630252,0.06451612903225806
100001276,N-acetylisoleucine,,,306109.0,0.0,0.0
100001277,10-nonadecenoate (19:1n9),,,5312513.0,0.15966386554621848,0.043010752688172046
100001278,10-heptadecenoate (17:1n7),,,5312435.0,0.14285714285714285,0.043010752688172046
100001287,epiandrosterone sulfate,,C07635,9929317.0,0.04201680672268908,0.010752688172043012
100001292,"bradykinin, des-arg(9)",CHEMBL1890370,C00306,105044.0,0.0,0.0
100001293,N-acetylhistidine,CHEMBL3251664,C02997,75619.0,0.08403361344537816,0.010752688172043012
100001294,gamma-glutamylglycine,,,165527.0,0.008403361344537815,0.03225806451612903
100001295,gamma-glutamyltryptophan,,,3989307.0,0.0,0.0
100001296,stachydrine,CHEMBL1456892,C10172,115244.0,0.17647058823529413,0.11827956989247312
100001300,alpha-hydroxyisovalerate,CHEMBL1162479,,99823.0,0.15966386554621848,0.08602150537634409
100001309,hydroxybupropion,CHEMBL3544616,,446.0,0.0,0.0
100001313,gamma-glutamylmethionine,,,7009567.0,0.03361344537815126,0.053763440860215055
100001314,gamma-glutamylthreonine,,,76078708.0,0.01680672268907563,0.03225806451612903
100001315,p-cresol sulfate,CHEMBL4551850,C01468,4615423.0,0.06722689075630252,0.010752688172043012
100001316,nicotinate ribonucleoside,CHEMBL396943,C05841,161234.0,0.0,0.0
100001317,pioglitazone,,C07675,4829.0,0.0,0.0
100001320,erythronate*,,,2781043.0,0.2773109243697479,0.11827956989247312
100001322,Fibrinopeptide A*,,,16133137.0,0.0,0.0
100001323,"Fibrinopeptide A, des-ala(1)*",,,,0.0,0.0
100001332,salicyluric glucuronide*,,,,0.0,0.0
100001335,eicosenoate (20:1),CHEMBL4640620,C16526,5282768.0,0.12605042016806722,0.021505376344086023
100001337,linolenate [alpha or gamma; (18:3n3 or 6)],CHEMBL8739,C06426,5280934.0,0.05042016806722689,0.053763440860215055
100001359,aconitate [cis or trans],,C00417,,0.25210084033613445,0.13978494623655913
100001383,1-myristoyl-GPC (14:0),CHEMBL462723,C04230,460604.0,0.04201680672268908,0.021505376344086023
100001384,1-arachidoyl-GPC (20:0),,C04230,24779473.0,0.0,0.0
100001385,metoprolol acid metabolite*,CHEMBL3544699,,62936.0,0.0,0.0
100001391,stearoylcarnitine (C18),CHEMBL3392056,,6426855.0,0.06722689075630252,0.03225806451612903
100001392,laurylcarnitine (C12),,,10427569.0,0.07563025210084033,0.0967741935483871
100001393,isovalerylcarnitine (C5),,,6426851.0,0.1092436974789916,0.043010752688172046
100001395,1-linoleoyl-GPC (18:2),,C04100,11988421.0,0.008403361344537815,0.0
100001396,7-methylxanthine,CHEMBL321248,C16353,68374.0,0.0,0.0
100001397,"1,3,7-trimethylurate",CHEMBL1767,C16361,79437.0,0.0,0.0
100001398,"3,7-dimethylurate",CHEMBL430928,C16360,83126.0,0.0,0.0
100001399,"1,7-dimethylurate",CHEMBL794,C16356,91611.0,0.03361344537815126,0.043010752688172046
100001402,5-acetylamino-6-formylamino-3-methyluracil,,C16365,108214.0,0.0,0.0
100001403,5-acetylamino-6-amino-3-methyluracil,CHEMBL1899490,C16366,88299.0,0.05042016806722689,0.07526881720430108
100001405,1-methylxanthine,CHEMBL1250,C16358,80220.0,0.0,0.0
100001409,N1-methylinosine,,,65095.0,0.13445378151260504,0.13978494623655913
100001411,beta-guanidinopropanoate,CHEMBL20489,C03065,67701.0,0.0,0.0
100001412,"N2,N2-dimethylguanosine",,,92919.0,0.12605042016806722,0.12903225806451613
100001413,N4-acetylcytidine,,,107461.0,0.0,0.0
100001415,N6-carbamoylthreonyladenosine,,,161466.0,0.13445378151260504,0.10752688172043011
100001416,orotidine,,C01103,92751.0,0.2184873949579832,0.15053763440860216
100001417,phenylacetylglutamine,CHEMBL4303372,C04148,92258.0,0.058823529411764705,0.06451612903225806
100001423,4-hydroxyhippurate,CHEMBL500596,,151012.0,0.19327731092436976,0.15053763440860216
100001425,"5,6-dihydrouridine",CHEMBL3237555,,94312.0,0.08403361344537816,0.12903225806451613
100001426,3-(3-amino-3-carboxypropyl)uridine*,,,171198.0,0.13445378151260504,0.12903225806451613
100001433,1-arachidonylglycerol (20:4),CHEMBL354786,C13857,5282281.0,0.0,0.0
100001437,cysteine-glutathione disulfide,,,4247235.0,0.0,0.0
100001446,5-methyluridine (ribothymidine),CHEMBL106175,,445408.0,0.008403361344537815,0.021505376344086023
100001452,isovalerylglycine,,,546304.0,0.0,0.0
100001455,nicotinurate (nicotinoylglycine),CHEMBL458725,C05380,68499.0,0.0,0.0
100001456,7-methylguanine,,C02242,11361.0,0.03361344537815126,0.043010752688172046
100001461,1-stearoyl-GPE (18:0),,,9547068.0,0.07563025210084033,0.010752688172043012
100001466,3-methylcytidine,,,159649.0,0.0,0.0
100001468,N1-Methyl-2-pyridone-5-carboxamide,CHEMBL3542314,C05842,69698.0,0.08403361344537816,0.08602150537634409
100001485,gamma-glutamylisoleucine*,,,14253342.0,0.20168067226890757,0.16129032258064516
100001501,oleoylcarnitine (C18:1),,,6441392.0,0.058823529411764705,0.03225806451612903
100001509,2-methylbutyrylcarnitine (C5),,,6426901.0,0.0,0.0
100001510,phenol sulfate,,C02180,74426.0,0.21008403361344538,0.10752688172043011
100001511,1-palmitoleoyl-GPC (16:1)*,,,24779461.0,0.025210084033613446,0.0
100001526,malonylcarnitine,,,22833583.0,0.0,0.0
100001527,hexanoylglycine,,,99463.0,0.0,0.0
100001538,lidocaine,CHEMBL79,D00358,3676.0,0.0,0.0
100001540,pyroglutamine*,,,134508.0,0.04201680672268908,0.0967741935483871
100001541,2-hydroxy-3-methylvalerate,,,164623.0,0.15966386554621848,0.07526881720430108
100001548,testosterone sulfate,CHEMBL4463070,C00535,119207.0,0.0,0.0
100001550,homostachydrine*,,C08283,441447.0,0.0,0.0
100001551,1-arachidonoyl-GPC (20:4n6)*,,C05208,,0.05042016806722689,0.021505376344086023
100001552,1-dihomo-linolenoyl-GPC (20:3n3 or 6)*,,,,0.03361344537815126,0.021505376344086023
100001553,1-dihomo-linoleoyl-GPC (20:2)*,,,,0.03361344537815126,0.0
100001554,2-arachidonoyl-GPC (20:4)*,,,,0.05042016806722689,0.043010752688172046
100001556,2-oleoyl-GPC (18:1)*,,,,0.008403361344537815,0.010752688172043012
100001557,2-linoleoyl-GPC (18:2)*,,,,0.0,0.010752688172043012
100001562,2-palmitoyl-GPC (16:0)*,,,15061532.0,0.04201680672268908,0.021505376344086023
100001563,2-myristoyl-GPC (14:0)*,,,,0.058823529411764705,0.021505376344086023
100001566,1-docosahexaenoyl-GPC (22:6)*,,,,0.0,0.0
100001567,1-palmitoyl-GPE (16:0),,,9547069.0,0.058823529411764705,0.03225806451612903
100001569,1-oleoyl-GPE (18:1),CHEMBL3262734,,9547071.0,0.05042016806722689,0.0
100001570,1-linoleoyl-GPE (18:2)*,,,52925130.0,0.03361344537815126,0.010752688172043012
100001571,1-arachidonoyl-GPE (20:4n6)*,,,42607465.0,0.06722689075630252,0.010752688172043012
100001577,N-acetylcitrulline,,C15532,656979.0,0.0,0.0
100001579,2-hydroxypalmitate,,,92836.0,0.05042016806722689,0.053763440860215055
100001580,docosapentaenoate (n6 DPA; 22:5n6),,C16513,6441454.0,0.0,0.0
100001586,gulonate*,,C00257,152304.0,0.0,0.0
100001590,isobutyrylglycine,CHEMBL2158191,,10855600.0,0.0,0.0
100001593,glutarylcarnitine (C5-DC),,,71464488.0,0.058823529411764705,0.07526881720430108
100001596,2-methylmalonylcarnitine (C4-DC),,,53481628.0,0.0,0.0
100001597,tiglylcarnitine (C5:1-DC),,,22833596.0,0.11764705882352941,0.043010752688172046
100001604,hydroquinone sulfate,,C00530,161220.0,0.0,0.0
100001605,catechol sulfate,,C00090,3083879.0,0.01680672268907563,0.03225806451612903
100001609,7-alpha-hydroxy-3-oxo-4-cholestenoate (7-Hoca),,C17337,3081085.0,0.15966386554621848,0.12903225806451613
100001612,N-acetyl-aspartyl-glutamate (NAAG),CHEMBL64966,C12270,5255.0,0.0,0.0
100001613,tetradecanedioate (C14-DC),,,13185.0,0.09243697478991597,0.07526881720430108
100001614,hexadecanedioate (C16-DC),CHEMBL4519590,C19615,10459.0,0.14285714285714285,0.08602150537634409
100001618,1-myristoylglycerol (14:0),CHEMBL463092,C01885,79050.0,0.0,0.0
100001620,glycerophosphoethanolamine,,C01233,123874.0,0.11764705882352941,0.06451612903225806
100001624,3-(3-hydroxyphenyl)propionate,CHEMBL134401,C11457,91.0,0.0,0.0
100001635,ectoine,CHEMBL1230264,C06231,126041.0,0.0,0.0
100001651,2-oleoyl-GPE (18:1)*,,,,0.06722689075630252,0.010752688172043012
100001652,2-palmitoyl-GPE (16:0)*,,,,0.05042016806722689,0.043010752688172046
100001654,1-arachidonoyl-GPI (20:4)*,,,,0.058823529411764705,0.07526881720430108
100001655,1-palmitoyl-GPI (16:0),,,,0.08403361344537816,0.06451612903225806
100001657,glycolithocholate sulfate*,CHEMBL2074584,C11301,72222.0,0.09243697478991597,0.06451612903225806
100001658,taurolithocholate 3-sulfate,CHEMBL270493,C03642,440071.0,0.04201680672268908,0.06451612903225806
100001662,deoxycarnitine,,C01181,134.0,0.025210084033613446,0.03225806451612903
100001664,N6-succinyladenosine,,,165243.0,0.0,0.0
100001668,1-ribosyl-imidazoleacetate*,,C05131,5117448.0,0.09243697478991597,0.08602150537634409
100001674,2-arachidonoyl-GPE (20:4)*,,,,0.09243697478991597,0.08602150537634409
100001710,leucylleucine,CHEMBL54933,C11332,76807.0,0.0,0.0
100001721,N2-acetyllysine,CHEMBL1241437,C12989,92907.0,0.0,0.0
100001731,indoleacetylglutamine,,,25200879.0,0.0,0.0
100001733,hexanoylglutamine,,,,0.2184873949579832,0.12903225806451613
100001734,N6-acetyllysine,CHEMBL1230958,C02727,92832.0,0.1092436974789916,0.03225806451612903
100001739,dihomo-linolenate (20:3n3 or n6),CHEMBL465183,C03242,5280581.0,0.17647058823529413,0.0967741935483871
100001740,mannitol/sorbitol,CHEMBL1682,C00794,5780.0,0.3277310924369748,0.21505376344086022
100001743,tryptophan betaine,CHEMBL2235164,C09213,442106.0,0.058823529411764705,0.08602150537634409
100001755,4-vinylphenol sulfate,,C05627,6426766.0,0.1092436974789916,0.10752688172043011
100001756,4-ethylphenylsulfate,CHEMBL4530825,C13637,20822574.0,0.10084033613445378,0.20430107526881722
100001757,thymol sulfate,,C09908,,0.17647058823529413,0.21505376344086022
100001767,pyrraline,,,122228.0,0.0,0.0
100001776,2-linoleoyl-GPE (18:2)*,,,,0.05042016806722689,0.043010752688172046
100001777,1-oleoyl-GPI (18:1),,,,0.025210084033613446,0.053763440860215055
100001778,1-linoleoyl-GPI (18:2)*,,,,0.10084033613445378,0.07526881720430108
100001784,1-palmitoleoyl-GPE (16:1)*,,,,0.0,0.0
100001788,desmethylnaproxen sulfate,,,184679.0,0.0,0.0
100001789,sucralose,CHEMBL3185084,C12285,71485.0,0.0,0.0
100001791,2-hydroxyacetaminophen sulfate*,,,86290013.0,0.0,0.0
100001793,2-methoxyacetaminophen sulfate*,,,86290014.0,0.0,0.0
100001795,2-methoxyacetaminophen glucuronide*,,,14367271.0,0.0,0.0
100001797,3-(cystein-S-yl)acetaminophen*,CHEMBL2074942,,5233914.0,0.0,0.0
100001806,o-cresol sulfate,,,11615528.0,0.0,0.0
100001810,dimethylarginine (SDMA + ADMA),CHEMBL457530,C03626,123831.0,0.06722689075630252,0.03225806451612903
100001843,gamma-glutamylalanine,,,440103.0,0.0,0.0
100001851,N-acetylserine,,,65249.0,0.15126050420168066,0.07526881720430108
100001856,1-stearoyl-2-oleoyl-GPE (18:0/18:1),,,,0.23529411764705882,0.10752688172043011
100001859,chiro-inositol,,C19891,,0.0,0.0
100001868,4-allylphenol sulfate,,,,0.12605042016806722,0.08602150537634409
100001869,1-stearoyl-2-arachidonoyl-GPC (18:0/20:4),,,16219824.0,0.01680672268907563,0.043010752688172046
100001870,1-palmitoyl-2-linoleoyl-GPE (16:0/18:2),,,9546747.0,0.19327731092436976,0.08602150537634409
100001876,sphinganine-1-phosphate,,,520.0,0.08403361344537816,0.021505376344086023
100001882,glycosyl-N-stearoyl-sphingosine (d18:1/18:0),,,,0.03361344537815126,0.021505376344086023
100001948,succinylcarnitine (C4-DC),,,71464481.0,0.12605042016806722,0.0967741935483871
100001950,"bilirubin (E,E)*",,,5315454.0,0.025210084033613446,0.021505376344086023
100001951,"bilirubin (E,Z or Z,E)*",,,5799469.0,0.04201680672268908,0.043010752688172046
100001956,N-methylproline,,,557.0,0.17647058823529413,0.22580645161290322
100001977,beta-cryptoxanthin,,,6384256.0,0.06722689075630252,0.11827956989247312
100001987,"5alpha-androstan-3beta,17beta-diol disulfate",CHEMBL316048,C12525,242332.0,0.08403361344537816,0.07526881720430108
100001988,"5alpha-pregnan-3beta,20alpha-diol disulfate",,,,0.08403361344537816,0.0967741935483871
100001989,glycocholenate sulfate*,,,,0.06722689075630252,0.10752688172043011
100001990,taurocholenate sulfate*,,,,0.008403361344537815,0.10752688172043011
100001992,"androstenediol (3beta,17beta) disulfate (1)",,C04295,87120982.0,0.10084033613445378,0.08602150537634409
100001993,pregnenediol disulfate (C21H34O8S2)*,,,,0.05042016806722689,0.10752688172043011
100001994,"androstenediol (3beta,17beta) disulfate (2)",,C04295,87120982.0,0.01680672268907563,0.043010752688172046
100001999,21-hydroxypregnenolone disulfate,,C05485,134595.0,0.03361344537815126,0.0967741935483871
100002003,21-hydroxypregnenolone monosulfate (1),,,174681.0,0.0,0.0
100002008,"5alpha-androstan-3alpha,17alpha-diol monosulfate",,,,0.0,0.0
100002009,"5alpha-pregnan-3beta,20beta-diol monosulfate (1)",,,,0.058823529411764705,0.0967741935483871
100002014,"5alpha-pregnan-3beta,20alpha-diol monosulfate (2)",,,,0.08403361344537816,0.0967741935483871
100002015,5alpha-pregnan-diol disulfate,,,5127902.0,0.0,0.0
100002017,"5alpha-androstan-3alpha,17beta-diol disulfate",,,,0.0,0.0
100002018,"5alpha-androstan-3alpha,17beta-diol monosulfate (1)",,,,0.14285714285714285,0.0967741935483871
100002021,"5alpha-androstan-3beta,17alpha-diol disulfate",,,,0.0,0.0
100002024,"5alpha-androstan-3beta,17beta-diol monosulfate (2)",,,,0.0,0.0
100002026,"androstenediol (3alpha, 17alpha) monosulfate (2)",,,,0.025210084033613446,0.08602150537634409
100002027,"androstenediol (3alpha, 17alpha) monosulfate (3)",,,,0.06722689075630252,0.03225806451612903
100002028,"androstenediol (3beta,17beta) monosulfate (1)",,,13847309.0,0.05042016806722689,0.10752688172043011
100002029,"androstenediol (3beta,17beta) monosulfate (2)",,,,0.11764705882352941,0.03225806451612903
100002035,"5alpha-pregnan-3beta-ol,20-one sulfate",,,,0.0,0.0
100002049,4-hydroxycoumarin,CHEMBL301141,C20414,54682930.0,0.0,0.0
100002060,1-docosahexaenoyl-GPE (22:6)*,,,,0.03361344537815126,0.021505376344086023
100002063,1-docosapentaenoyl-GPC (22:5n3)*,,,,0.025210084033613446,0.010752688172043012
100002067,pregnenediol sulfate (C21H34O5S)*,,,,0.008403361344537815,0.08602150537634409
100002070,2-hydroxyglutarate,CHEMBL4870693,C02630,43.0,0.0,0.0
100002094,gamma-CEHC,CHEMBL2151598,,133098.0,0.11764705882352941,0.11827956989247312
100002102,N-acetyl-beta-alanine,,C01073,76406.0,0.058823529411764705,0.03225806451612903
100002106,"sphingomyelin (d18:1/18:1, d18:2/18:0)",,,6443882.0,0.0,0.0967741935483871
100002107,palmitoyl sphingomyelin (d18:1/16:0),CHEMBL4526394,,9939941.0,0.008403361344537815,0.010752688172043012
100002122,3-hydroxyhippurate,CHEMBL447627,,450268.0,0.09243697478991597,0.15053763440860216
100002126,16a-hydroxy DHEA 3-sulfate,,,,0.16806722689075632,0.11827956989247312
100002128,17alpha-hydroxypregnenolone 3-sulfate,,,152971.0,0.0,0.0
100002129,pregnenolone sulfate,CHEMBL1179605,,105074.0,0.008403361344537815,0.053763440860215055
100002152,andro steroid monosulfate C19H28O6S (1)*,,C04555,,0.0,0.0
100002153,betonicine,,C08269,164642.0,0.0,0.0
100002154,ergothioneine,,C05570,3032311.0,0.058823529411764705,0.12903225806451613
100002171,1-margaroyl-GPE (17:0)*,,,,0.0,0.0
100002173,1-pentadecanoyl-GPC (15:0)*,,,,0.025210084033613446,0.010752688172043012
100002183,S-methylmethionine,CHEMBL2111021,C05319,458.0,0.0,0.0
100002185,indole-3-carboxylate,CHEMBL387527,C19837,69867.0,0.0,0.0
100002196,13-HODE + 9-HODE,,,43013.0,0.06722689075630252,0.03225806451612903
100002199,tridecenedioate (C13:1-DC)*,,,,0.09243697478991597,0.08602150537634409
100002204,N-acetyl-3-methylhistidine*,,,193270.0,0.0,0.0
100002227,4-cholesten-3-one,CHEMBL63243,C00599,91477.0,0.0,0.0
100002249,N-acetyl-cadaverine,,,189087.0,0.0,0.0
100002253,cinnamoylglycine,CHEMBL456606,,709625.0,0.0,0.0
100002259,cis-4-decenoylcarnitine (C10:1),,,,0.08403361344537816,0.12903225806451613
100002293,phenylalanylphenylalanine,CHEMBL55868,,6993090.0,0.0,0.0
100002324,S-carboxymethyl-L-cysteine,CHEMBL1447969,C03727,1080.0,0.0,0.0
100002356,(16 or 17)-methylstearate (a19:0 or i19:0),,,3083779.0,0.09243697478991597,0.043010752688172046
100002394,1-hydroxy-2-naphthalenecarboxylate,CHEMBL229299,C03203,6844.0,0.0,0.0
100002397,alpha-ketoglutaramate*,,,48.0,0.0,0.0
100002405,metformin,CHEMBL1431,C07151,4091.0,0.0,0.0
100002406,ibuprofen acyl glucuronide,CHEMBL3526740,,163959.0,0.0,0.0
100002417,"2,3-dihydroxyisovalerate",,C04039,677.0,0.0,0.0
100002458,3-methylglutaconate,CHEMBL1401952,,1551553.0,0.0,0.0
100002462,5-(galactosylhydroxy)-L-lysine,,,123986.0,0.0,0.0
100002488,isoursodeoxycholate,CHEMBL1233687,C17662,127601.0,0.2773109243697479,0.15053763440860216
100002489,oxypurinol,,D02365,4644.0,0.0,0.0
100002514,hydantoin-5-propionate,,C05565,782.0,0.0,0.0
100002528,sulfate*,CHEMBL572964,C00059,1118.0,0.06722689075630252,0.10752688172043011
100002537,4-hydroxy-2-oxoglutaric acid,,C01127,599.0,0.0,0.0
100002544,4-hydroxyglutamate,,C03079,439902.0,0.0,0.0
100002568,L-urobilin,,C05793,5280818.0,0.0,0.0
100002717,hydroxycotinine,,,10219774.0,0.0,0.0
100002719,cotinine N-oxide,CHEMBL3544793,,9815514.0,0.0,0.0
100002725,omeprazole,CHEMBL1503,C07324,4594.0,0.0,0.0
100002726,atenolol,CHEMBL24,D00235,2249.0,0.0,0.0
100002732,diphenhydramine,CHEMBL657,C06960,3100.0,0.0,0.0
100002734,hydrochlorothiazide,CHEMBL435,C07041,3639.0,0.0,0.0
100002735,ranitidine,CHEMBL512,D00422,3001055.0,0.0,0.0
100002749,S-methylcysteine,CHEMBL394875,,24417.0,0.04201680672268908,0.053763440860215055
100002761,androsterone glucuronide,,C11135,114833.0,0.025210084033613446,0.010752688172043012
100002769,argininate*,,,160437.0,0.05042016806722689,0.10752688172043011
100002773,solanidine,CHEMBL1980466,C06543,65727.0,0.0,0.0
100002784,2-oxoarginine*,,C03771,558.0,0.16806722689075632,0.10752688172043011
100002796,cis-4-decenoate (10:1n6)*,,,5312351.0,0.06722689075630252,0.06451612903225806
100002804,sertraline,CHEMBL809,C07246,68617.0,0.0,0.0
100002806,gabapentin,CHEMBL940,D00332,3446.0,0.0,0.0
100002807,venlafaxine,CHEMBL637,C07187,5656.0,0.0,0.0
100002849,ethyl glucuronide,,,152226.0,0.0,0.0
100002869,1-erucoyl-GPC (22:1)*,,,,0.0,0.0
100002871,1-adrenoyl-GPC (22:4)*,,,,0.03361344537815126,0.03225806451612903
100002873,1-lignoceroyl-GPC (24:0),,,,0.0,0.0
100002874,1-nervonoyl-GPC (24:1n9)*,,,,0.0,0.0
100002875,1-(1-enyl-palmitoyl)-GPC (P-16:0)*,,,10917802.0,0.01680672268907563,0.010752688172043012
100002876,1-(1-enyl-oleoyl)-GPC (P-18:1)*,,,,0.0,0.0
100002877,1-(1-enyl-stearoyl)-GPC (P-18:0)*,,,,0.0,0.0
100002910,1-methyl-5-imidazoleacetate,,,6451814.0,0.1092436974789916,0.07526881720430108
100002911,glycoursodeoxycholate,CHEMBL409348,,12310288.0,0.25210084033613445,0.16129032258064516
100002927,S-methylcysteine sulfoxide,,,82142.0,0.058823529411764705,0.07526881720430108
100002951,eicosanedioate (C20-DC),,,75502.0,0.05042016806722689,0.06451612903225806
100002952,docosadioate (C22-DC),,C19625,244872.0,0.058823529411764705,0.07526881720430108
100002953,16-hydroxypalmitate,CHEMBL4281719,C18218,10466.0,0.10084033613445378,0.07526881720430108
100002968,quinine,CHEMBL601807,,2728270.0,0.0,0.0
100002989,oleoyl-linoleoyl-glycerol (18:1/18:2) [1],,,,0.13445378151260504,0.03225806451612903
100002990,oleoyl-linoleoyl-glycerol (18:1/18:2) [2],,,,0.17647058823529413,0.043010752688172046
100003000,1-(1-enyl-palmitoyl)-GPE (P-16:0)*,,,,0.06722689075630252,0.053763440860215055
100003001,1-(1-enyl-stearoyl)-GPE (P-18:0)*,,,,0.06722689075630252,0.043010752688172046
100003008,2-stearoyl-GPI (18:0)*,,,,0.0,0.0
100003009,doxycycline,,,,0.0,0.0
100003101,alpha-CEHC glucuronide*,,,134819285.0,0.0,0.0
100003109,2-oxindole-3-acetate,CHEMBL443641,,3080590.0,0.0,0.0
100003119,N-oleoyltaurine,,,6437033.0,0.0,0.0
100003151,linoleoylcarnitine (C18:2)*,,,6450015.0,0.058823529411764705,0.043010752688172046
100003163,isoleucylalanine,,,5246009.0,0.0,0.0
100003169,isoleucylglycine,,,342532.0,0.0,0.0
100003200,phenylalanylleucine,,,4078229.0,0.0,0.0
100003206,tryptophylleucine,,,323786.0,0.0,0.0
100003210,valylleucine,,,352039.0,0.0,0.0
100003240,N-stearoyltaurine,,,168274.0,0.0,0.0
100003260,carboxyethyl-GABA,,,2572.0,0.0,0.0
100003271,beta-citrylglutamate,,C20775,72715786.0,0.1092436974789916,0.08602150537634409
100003397,trimethylamine N-oxide,,C01104,1145.0,0.13445378151260504,0.13978494623655913
100003429,equol sulfate,,,,0.0,0.0
100003432,dihydroferulate,CHEMBL387842,,14340.0,0.0,0.0
100003434,imidazole propionate,CHEMBL84253,,70630.0,0.0,0.0
100003442,paroxetine,CHEMBL1708,"D02362,C07415",43815.0,0.0,0.0
100003444,citalopram/escitalopram,CHEMBL1508,D07913,146570.0,0.0,0.0
100003470,pregnanediol-3-glucuronide,,,123796.0,0.06722689075630252,0.06451612903225806
100003473,alliin,CHEMBL464166,C08265,87310.0,0.0,0.0
100003532,threonylalanine,,,18218243.0,0.0,0.0
100003591,phenylalanylmethionine,CHEMBL1221998,,7010506.0,0.0,0.0
100003594,phenylalanyltryptophan,,,134906.0,0.15966386554621848,0.10752688172043011
100003641,valylglycine,,,136487.0,0.0,0.0
100003651,methionylalanine,,,,0.0,0.0
100003668,prolylalanine,,,418041.0,0.0,0.0
100003674,prolylglycine,CHEMBL59426,,6426709.0,0.0,0.0
100003686,N-palmitoylglycine,CHEMBL226117,,151008.0,0.06722689075630252,0.08602150537634409
100003696,succinimide,CHEMBL275661,C07273,11439.0,0.0,0.0
100003769,norfluoxetine,CHEMBL1494,,4541.0,0.0,0.0
100003892,lanthionine,,,98504.0,0.0,0.0
100003901,2-stearoyl-GPE (18:0)*,,,,0.025210084033613446,0.07526881720430108
100003926,(R)-3-hydroxybutyrylcarnitine,,,53481617.0,0.0,0.0
100004015,diltiazem,CHEMBL23,C06958,39186.0,0.0,0.0
100004046,N-acetylcarnosine,CHEMBL4303521,,9903482.0,0.1092436974789916,0.06451612903225806
100004054,margaroylcarnitine (C17)*,,,,0.058823529411764705,0.03225806451612903
100004056,N-methyltaurine,CHEMBL3306207,,7882.0,0.0,0.0
100004083,glycohyocholate,,,,0.0,0.0
100004088,retinal,CHEMBL81379,C00376,638015.0,0.0,0.0
100004089,2-hydroxydecanoate,,,21488.0,0.058823529411764705,0.043010752688172046
100004110,3-methyl catechol sulfate (2),,,,0.0,0.0
100004111,4-methylcatechol sulfate,,,,0.09243697478991597,0.11827956989247312
100004112,3-methyl catechol sulfate (1),,,,0.15966386554621848,0.15053763440860216
100004169,2-hydroxyibuprofen,CHEMBL3544495,,10443535.0,0.0,0.0
100004171,carboxyibuprofen,CHEMBL3544650,,10444113.0,0.0,0.0
100004173,O-desmethylvenlafaxine,CHEMBL1118,D07793,125017.0,0.0,0.0
100004175,warfarin,,C01541,,0.0,0.0
100004177,hydroxypioglitazone (M-IV),,,,0.0,0.0
100004182,3b-hydroxy-5-cholenoic acid,CHEMBL169264,,92997.0,0.0,0.0
100004208,guaiacol sulfate,,,22473.0,0.07563025210084033,0.11827956989247312
100004227,2-aminooctanoate,,,69522.0,0.0,0.0
100004243,gamma-CEHC glucuronide*,,,,0.0,0.0
100004295,2-piperidinone,CHEMBL12193,,12665.0,0.20168067226890757,0.16129032258064516
100004299,N-acetyl-1-methylhistidine*,,,53859791.0,0.0,0.0
100004318,indolin-2-one,CHEMBL40823,C12312,321710.0,0.0,0.0
100004321,"2,8-quinolinediol sulfate",,,,0.0,0.0
100004322,2-aminophenol sulfate,,,181670.0,0.11764705882352941,0.06451612903225806
100004326,3-acetylphenol sulfate,,,,0.0,0.0
100004328,"sphingomyelin (d18:1/14:0, d16:1/16:0)*",,,11433862.0,0.0,0.021505376344086023
100004329,"sphingomyelin (d18:2/16:0, d18:1/16:1)*",,,,0.0,0.043010752688172046
100004499,6-oxopiperidine-2-carboxylate,CHEMBL4648450,,3014237.0,0.15126050420168066,0.08602150537634409
100004509,S-allylcysteine,CHEMBL1592541,,98280.0,0.0,0.0
100004523,N-delta-acetylornithine,,,9920500.0,0.025210084033613446,0.0967741935483871
100004541,acisoga,,,129397.0,0.12605042016806722,0.11827956989247312
100004542,2-aminoheptanoate,,,227939.0,0.15126050420168066,0.13978494623655913
100004552,1-eicosapentaenoyl-GPE (20:5)*,,,,0.05042016806722689,0.06451612903225806
100004555,benzoylcarnitine*,,,,0.0,0.0
100004575,"N2,N5-diacetylornithine",CHEMBL3989425,,65977.0,0.0,0.0
100004634,3-methoxytyramine sulfate,,,,0.0,0.0
100004635,methionine sulfone,,,69961.0,0.025210084033613446,0.07526881720430108
100004646,cyclo(ala-pro),,,6428987.0,0.0,0.0
100005350,1-linolenoyl-GPC (18:3)*,,,,0.025210084033613446,0.0
100005351,1-eicosapentaenoyl-GPC (20:5)*,,,,0.04201680672268908,0.053763440860215055
100005352,1-eicosenoyl-GPC (20:1)*,,,,0.025210084033613446,0.010752688172043012
100005367,N-acetylalliin,,,,0.0,0.0
100005371,1-dihomo-linolenoyl-GPE (20:3n3 or 6)*,,,,0.09243697478991597,0.053763440860215055
100005372,1-(1-enyl-oleoyl)-GPE (P-18:1)*,,,,0.07563025210084033,0.10752688172043011
100005384,O-sulfo-L-tyrosine,CHEMBL1236077,,514186.0,0.07563025210084033,0.06451612903225806
100005389,ferulic acid 4-sulfate,CHEMBL2009479,,6305574.0,0.0,0.0
100005391,3-(3-hydroxyphenyl)propionate sulfate,,,187488.0,0.0,0.0
100005402,11-ketoetiocholanolone glucuronide,,,,0.0,0.0
100005403,etiocholanolone glucuronide,,,270605.0,0.05042016806722689,0.021505376344086023
100005418,17alpha-hydroxypregnanolone glucuronide,,,,0.0,0.0
100005466,N-acetyltaurine,,,159864.0,0.10084033613445378,0.15053763440860216
100005673,1-docosapentaenoyl-GPC (22:5n6)*,,,,0.04201680672268908,0.03225806451612903
100005714,1-linolenoyl-GPE (18:3)*,,,,0.0,0.0
100005716,1-oleoyl-GPG (18:1)*,,,,0.0,0.0
100005717,1-palmitoyl-GPG (16:0)*,,,3300276.0,0.0,0.0
100005818,N-acetyl-S-allyl-L-cysteine,,,152467.0,0.0,0.0
100005834,9-hydroxystearate,CHEMBL1093742,,9570127.0,0.03361344537815126,0.03225806451612903
100005850,3-methylglutarylcarnitine (2),,,128145.0,0.11764705882352941,0.12903225806451613
100005864,methyl glucopyranoside (alpha + beta),,,,0.04201680672268908,0.06451612903225806
100005972,alpha-CEHC sulfate,,,,0.0,0.0
100005977,alpha-CMBHC glucuronide,,,,0.0,0.0
100005985,"sphingomyelin (d18:2/14:0, d18:1/14:1)*",,,,0.008403361344537815,0.0967741935483871
100005986,"sphingomyelin (d18:1/24:1, d18:2/24:0)*",,,,0.008403361344537815,0.010752688172043012
100005996,octadecenedioylcarnitine (C18:1-DC)*,,,,0.07563025210084033,0.11827956989247312
100006005,"5alpha-androstan-3alpha,17beta-diol monosulfate (2)",,,,0.0,0.0
100006051,myristoleoylcarnitine (C14:1)*,,,90659872.0,0.06722689075630252,0.0967741935483871
100006056,N-formylphenylalanine,,,759256.0,0.0,0.0
100006065,cyclo(pro-val),,,98951.0,0.06722689075630252,0.07526881720430108
100006082,4-hydroxychlorothalonil,CHEMBL3248146,,34217.0,0.058823529411764705,0.06451612903225806
100006089,isoeugenol sulfate,,,,0.0,0.0
100006092,tyramine O-sulfate,CHEMBL4764181,,153005.0,0.0,0.0
100006098,3-hydroxypyridine sulfate,,,,0.09243697478991597,0.08602150537634409
100006106,maltol sulfate,,,,0.0,0.0
100006108,phenylacetylcarnitine,,,101724840.0,0.0,0.0
100006115,arabonate/xylonate,,,,0.18487394957983194,0.06451612903225806
100006116,methyl-4-hydroxybenzoate sulfate,,,,0.20168067226890757,0.17204301075268819
100006121,1-dihomo-linolenylglycerol (20:3),,,,0.0,0.0
100006126,4-vinylguaiacol sulfate,,,,0.0,0.0
100006129,vanillactate,CHEMBL1765649,,160637.0,0.0,0.0
100006171,eugenol sulfate,,,180632.0,0.0,0.0
100006173,pregnanolone/allopregnanolone sulfate,,,,0.0,0.0
100006184,2-methoxyresorcinol sulfate,,,,0.0,0.0
100006190,2-acetamidophenol sulfate,,,181671.0,0.0,0.0
100006191,p-cresol glucuronide*,,,154035.0,0.14285714285714285,0.13978494623655913
100006203,acesulfame,CHEMBL176687,,36573.0,0.0,0.0
100006232,valsartan,CHEMBL1904197,,5650.0,0.0,0.0
100006260,6-hydroxyindole sulfate,,,122198196.0,0.09243697478991597,0.053763440860215055
100006264,propyl 4-hydroxybenzoate sulfate,,,,0.0,0.0
100006282,umbelliferone sulfate,CHEMBL1555500,,129659.0,0.0,0.0
100006290,"sphingomyelin (d18:1/20:0, d16:1/22:0)*",,,,0.0,0.021505376344086023
100006292,"sphingomyelin (d18:1/20:1, d18:2/20:0)*",,,,0.0,0.053763440860215055
100006293,"sphingomyelin (d18:1/20:2, d18:2/20:1, d16:1/22:2)*",,,,0.0,0.0967741935483871
100006294,behenoyl sphingomyelin (d18:1/22:0)*,,,,0.0,0.010752688172043012
100006295,"sphingomyelin (d18:1/22:1, d18:2/22:0, d16:1/24:1)*",,,,0.0,0.021505376344086023
100006296,"sphingomyelin (d18:1/22:2, d18:2/22:1, d16:1/24:2)*",,,,0.0,0.07526881720430108
100006298,lignoceroyl sphingomyelin (d18:1/24:0),,,,0.008403361344537815,0.03225806451612903
100006314,"sphingomyelin (d17:1/16:0, d18:1/15:0, d16:1/17:0)*",,,,0.0,0.03225806451612903
100006360,dopamine 4-sulfate,,C13691,123932.0,0.0,0.0
100006361,dopamine 3-O-sulfate,,C13690,122136.0,0.12605042016806722,0.15053763440860216
100006363,daidzein sulfate (2),,,12114465.0,0.0,0.0
100006367,3-hydroxyhexanoate,,,151492.0,0.16806722689075632,0.11827956989247312
100006370,3beta-hydroxy-5-cholestenoate,,C17333,165511.0,0.01680672268907563,0.043010752688172046
100006373,"1,2,3-benzenetriol sulfate (1)",,,,0.0,0.0
100006374,"1,2,3-benzenetriol sulfate (2)",,,,0.0,0.0
100006375,3-methoxycatechol sulfate (1),,,,0.0,0.0
100006378,N-acetylkynurenine (2),,,,0.0,0.0
100006379,C-glycosyltryptophan,,,10981970.0,0.15966386554621848,0.10752688172043011
100006381,tramadol,CHEMBL1066,C07153,33741.0,0.0,0.0
100006385,alpha-hydroxymetoprolol,CHEMBL3544701,,114962.0,0.0,0.0
100006430,arabitol/xylitol,CHEMBL3137744,C01904,6912.0,0.13445378151260504,0.08602150537634409
100006435,N-acetylglucosamine/N-acetylgalactosamine,CHEMBL447878,,24139.0,0.0,0.0
100006614,adipoylcarnitine (C6-DC),,,71296139.0,0.15126050420168066,0.15053763440860216
100006620,nonanoylcarnitine (C9),,,,0.1092436974789916,0.0967741935483871
100006627,suberoylcarnitine (C8-DC),,,,0.0,0.0
100006641,glycochenodeoxycholate 3-sulfate,,,,0.0,0.0
100006642,glycodeoxycholate 3-sulfate,,,,0.14285714285714285,0.08602150537634409
100006644,taurodeoxycholic acid 3-sulfate,,,,0.0,0.0
100006651,"trans-3,4-methyleneheptanoate",,,,0.0,0.0
100006726,linoleoyl ethanolamide,CHEMBL149859,,5283446.0,0.0,0.0
100008903,"1,2-dilinoleoyl-GPC (18:2/18:2)",,,5288075.0,0.0,0.0
100008904,1-stearoyl-2-oleoyl-GPC (18:0/18:1),,,,0.03361344537815126,0.03225806451612903
100008914,1-palmitoyl-2-arachidonoyl-GPC (16:0/20:4n6),,,10747814.0,0.05042016806722689,0.03225806451612903
100008915,1-palmitoyl-2-docosahexaenoyl-GPC (16:0/22:6),,,6441886.0,0.008403361344537815,0.0
100008916,1-stearoyl-2-docosahexaenoyl-GPC (18:0/22:6),,,,0.025210084033613446,0.03225806451612903
100008917,1-(1-enyl-stearoyl)-2-oleoyl-GPC (P-18:0/18:1),,,,0.03361344537815126,0.010752688172043012
100008918,1-(1-enyl-stearoyl)-2-arachidonoyl-GPC (P-18:0/20:4),,,,0.025210084033613446,0.03225806451612903
100008919,1-(1-enyl-stearoyl)-2-oleoyl-GPE (P-18:0/18:1),,,,0.07563025210084033,0.010752688172043012
100008920,"sphingomyelin (d18:1/17:0, d17:1/18:0, d19:1/16:0)",,,,0.008403361344537815,0.03225806451612903
100008921,1-palmitoyl-2-stearoyl-GPC (16:0/18:0),,,,0.04201680672268908,0.0
100008928,2-hydroxybutyrate/2-hydroxyisobutyrate,,,,0.35294117647058826,0.11827956989247312
100008929,2-methylcitrate/homocitrate,,,,0.0,0.0
100008930,oleate/vaccenate (18:1),,,,0.07563025210084033,0.021505376344086023
100008939,isoleucylleucine/leucylisoleucine,,,,0.0,0.0
100008943,pregabalin,CHEMBL88034,,4715169.0,0.0,0.0
100008951,leucylphenylalanine/isoleucylphenylalanine,,,,0.0,0.0
100008952,1-palmitoleoylglycerol (16:1)*,,,,0.0,0.0
100008954,palmitoyl dihydrosphingomyelin (d18:0/16:0)*,,,9939965.0,0.03361344537815126,0.03225806451612903
100008955,tricosanoyl sphingomyelin (d18:1/23:0)*,,,,0.008403361344537815,0.03225806451612903
100008956,"sphingomyelin (d18:2/23:0, d18:1/23:1, d17:1/24:1)*",,,,0.0,0.03225806451612903
100008957,"sphingomyelin (d18:2/24:1, d18:1/24:2)*",,,,0.0,0.06451612903225806
100008976,1-stearoyl-2-linoleoyl-GPE (18:0/18:2)*,,,9546749.0,0.20168067226890757,0.06451612903225806
100008977,1-stearoyl-2-arachidonoyl-GPE (18:0/20:4),,,5289133.0,0.21008403361344538,0.0967741935483871
100008980,1-stearoyl-2-linoleoyl-GPC (18:0/18:2)*,,,,0.008403361344537815,0.0
100008984,1-palmitoyl-2-palmitoleoyl-GPC (16:0/16:1)*,,,,0.16806722689075632,0.08602150537634409
100008989,1-palmitoyl-2-eicosapentaenoyl-GPC (16:0/20:5)*,,,,0.025210084033613446,0.053763440860215055
100008990,1-palmitoyl-2-arachidonoyl-GPE (16:0/20:4)*,,,9546800.0,0.226890756302521,0.0967741935483871
100008991,1-palmitoyl-2-docosahexaenoyl-GPE (16:0/22:6)*,,,9546799.0,0.11764705882352941,0.07526881720430108
100008992,1-stearoyl-2-docosahexaenoyl-GPE (18:0/22:6)*,,,9546798.0,0.2184873949579832,0.15053763440860216
100008993,1-palmitoyl-2-arachidonoyl-GPI (16:0/20:4)*,,,,0.07563025210084033,0.12903225806451613
100008994,1-stearoyl-2-linoleoyl-GPI (18:0/18:2),,,,0.058823529411764705,0.010752688172043012
100008998,gamma-tocopherol/beta-tocopherol,,,,0.2184873949579832,0.06451612903225806
100008999,1-(1-enyl-stearoyl)-2-arachidonoyl-GPE (P-18:0/20:4)*,,,9547058.0,0.03361344537815126,0.043010752688172046
100009000,1-(1-enyl-palmitoyl)-2-docosahexaenoyl-GPE (P-16:0/22:6)*,,,5283497.0,0.03361344537815126,0.043010752688172046
100009002,1-(1-enyl-palmitoyl)-2-arachidonoyl-GPE (P-16:0/20:4)*,,,,0.01680672268907563,0.06451612903225806
100009004,1-(1-enyl-stearoyl)-2-docosahexaenoyl-GPE (P-18:0/22:6)*,,,,0.03361344537815126,0.03225806451612903
100009005,1-(1-enyl-palmitoyl)-2-oleoyl-GPE (P-16:0/18:1)*,,,,0.04201680672268908,0.03225806451612903
100009006,1-(1-enyl-palmitoyl)-2-dihomo-linolenoyl-GPC (P-16:0/20:3)*,,,,0.0,0.0
100009007,1-(1-enyl-palmitoyl)-2-oleoyl-GPC (P-16:0/18:1)*,,,,0.025210084033613446,0.0
100009008,1-(1-enyl-palmitoyl)-2-docosahexaenoyl-GPC (P-16:0/22:6)*,,,,0.008403361344537815,0.021505376344086023
100009009,1-(1-enyl-palmitoyl)-2-linoleoyl-GPC (P-16:0/18:2)*,,,,0.008403361344537815,0.010752688172043012
100009014,1-(1-enyl-palmitoyl)-2-arachidonoyl-GPC (P-16:0/20:4)*,,,,0.008403361344537815,0.043010752688172046
100009015,1-(1-enyl-stearoyl)-2-docosahexaenoyl-GPC (P-18:0/22:6)*,,,,0.025210084033613446,0.021505376344086023
100009019,1-stearyl-2-arachidonoyl-GPC (O-18:0/20:4)*,,,,0.008403361344537815,0.043010752688172046
100009020,1-palmityl-2-oleoyl-GPC (O-16:0/18:1)*,,,,0.008403361344537815,0.0
100009021,1-palmityl-2-arachidonoyl-GPC (O-16:0/20:4)*,CHEMBL1482996,,6443139.0,0.008403361344537815,0.021505376344086023
100009025,"sphingomyelin (d18:1/21:0, d17:1/22:0, d16:1/23:0)*",,,,0.0,0.043010752688172046
100009026,behenoyl dihydrosphingomyelin (d18:0/22:0)*,,,,0.11764705882352941,0.11827956989247312
100009027,"sphingomyelin (d18:0/18:0, d19:0/17:0)*",,,,0.21008403361344538,0.16129032258064516
100009028,N-palmitoyl-sphinganine (d18:0/16:0),,,5283572.0,0.20168067226890757,0.06451612903225806
100009030,lactosyl-N-palmitoyl-sphingosine (d18:1/16:0),,,,0.008403361344537815,0.010752688172043012
100009034,cetirizine,CHEMBL1000,C07778,2678.0,0.0,0.0
100009035,1-pentadecanoyl-2-linoleoyl-GPC (15:0/18:2)*,,,,0.0,0.0
100009036,1-margaroyl-2-oleoyl-GPC (17:0/18:1)*,,,,0.025210084033613446,0.043010752688172046
100009037,1-margaroyl-2-linoleoyl-GPC (17:0/18:2)*,,,,0.01680672268907563,0.010752688172043012
100009038,myristoyl dihydrosphingomyelin (d18:0/14:0)*,,,,0.008403361344537815,0.043010752688172046
100009043,7-hydroxyindole sulfate,,,,0.0,0.0
100009045,phenylacetylglutamate,CHEMBL3884214,,11579826.0,0.0,0.0
100009049,4-ethylphenol glucuronide,,,,0.0,0.0
100009051,1-stearoyl-2-dihomo-linolenoyl-GPC (18:0/20:3n3 or 6)*,,,,0.058823529411764705,0.03225806451612903
100009052,palmitoyl-linoleoyl-glycerol (16:0/18:2) [1]*,,,9543695.0,0.2857142857142857,0.15053763440860216
100009055,palmitoyl-linoleoyl-glycerol (16:0/18:2) [2]*,,,,0.3025210084033613,0.15053763440860216
100009066,1-palmitoyl-2-oleoyl-GPI (16:0/18:1)*,,,,0.07563025210084033,0.08602150537634409
100009067,1-stearoyl-2-docosahexaenoyl-GPI (18:0/22:6)*,,,,0.0,0.0
100009069,1-(1-enyl-palmitoyl)-2-linoleoyl-GPE (P-16:0/18:2)*,,,,0.03361344537815126,0.043010752688172046
100009078,1-oleoyl-2-linoleoyl-GPE (18:1/18:2)*,,,9546753.0,0.14285714285714285,0.06451612903225806
100009082,1-linoleoyl-GPA (18:2)*,,,,0.0,0.0
100009122,1-pentadecanoyl-2-arachidonoyl-GPC (15:0/20:4)*,,,,0.058823529411764705,0.053763440860215055
100009123,1-pentadecanoyl-2-docosahexaenoyl-GPC (15:0/22:6)*,,,,0.01680672268907563,0.010752688172043012
100009124,1-margaroyl-2-arachidonoyl-GPC (17:0/20:4)*,,,,0.09243697478991597,0.043010752688172046
100009125,1-margaroyl-2-docosahexaenoyl-GPC (17:0/22:6)*,,,,0.025210084033613446,0.043010752688172046
100009126,1-arachidoyl-2-arachidonoyl-GPC (20:0/20:4)*,,,,0.025210084033613446,0.03225806451612903
100009130,1-oleoyl-2-docosahexaenoyl-GPC (18:1/22:6)*,,,,0.008403361344537815,0.03225806451612903
100009132,1-linoleoyl-2-docosahexaenoyl-GPC (18:2/22:6)*,,,,0.01680672268907563,0.021505376344086023
100009134,1-palmityl-2-linoleoyl-GPC (O-16:0/18:2)*,,,6443157.0,0.008403361344537815,0.03225806451612903
100009135,1-(1-enyl-stearoyl)-2-linoleoyl-GPC (P-18:0/18:2)*,,,,0.025210084033613446,0.021505376344086023
100009138,1-myristoyl-2-linoleoyl-GPC (14:0/18:2)*,,,,0.025210084033613446,0.021505376344086023
100009139,1-myristoyl-2-arachidonoyl-GPC (14:0/20:4)*,,,,0.09243697478991597,0.053763440860215055
100009140,1-myristoyl-2-docosahexaenoyl-GPC (14:0/22:6)*,,,,0.025210084033613446,0.021505376344086023
100009141,1-stearoyl-2-docosapentaenoyl-GPC (18:0/22:5n3)*,,,,0.01680672268907563,0.021505376344086023
100009142,1-stearoyl-2-docosapentaenoyl-GPC (18:0/22:5n6)*,,,,0.11764705882352941,0.0967741935483871
100009143,1-palmitoyl-2-adrenoyl-GPC (16:0/22:4)*,,,,0.058823529411764705,0.021505376344086023
100009146,1-stearoyl-2-adrenoyl-GPC (18:0/22:4)*,,,,0.08403361344537816,0.043010752688172046
100009147,1-stearyl-GPC (O-18:0)*,CHEMBL475587,,2733532.0,0.0,0.0
100009148,1-oleoyl-2-dihomo-linolenoyl-GPC (18:1/20:3)*,,,,0.0,0.0
100009160,1-(1-enyl-palmitoyl)-2-palmitoleoyl-GPC (P-16:0/16:1)*,,,,0.008403361344537815,0.03225806451612903
100009161,1-(1-enyl-palmitoyl)-2-myristoyl-GPC (P-16:0/14:0)*,,,,0.0,0.0
100009162,1-(1-enyl-palmitoyl)-2-palmitoyl-GPC (P-16:0/16:0)*,,,11146967.0,0.008403361344537815,0.0
100009166,"phosphatidylcholine (16:0/22:5n3, 18:1/20:4)*",,,,0.025210084033613446,0.03225806451612903
100009167,"phosphatidylcholine (18:0/20:5, 16:0/22:5n6)*",,,,0.0,0.0
100009179,1-palmitoyl-2-docosahexaenoyl-GPI (16:0/22:6)*,,,,0.0,0.0
100009181,1-stearoyl-2-oleoyl-GPI (18:0/18:1)*,,,,0.025210084033613446,0.0
100009184,1-stearoyl-2-dihomo-linolenoyl-GPI (18:0/20:3n3 or 6)*,,,,0.058823529411764705,0.03225806451612903
100009209,1-palmitoyl-2-eicosapentaenoyl-GPE (16:0/20:5)*,,,,0.0,0.0
100009215,1-stearoyl-2-dihomo-linolenoyl-GPE (18:0/20:3n3 or 6)*,,,,0.2857142857142857,0.15053763440860216
100009217,"1,2-dilinoleoyl-GPE (18:2/18:2)*",,,9546812.0,0.0,0.0
100009219,1-oleoyl-2-arachidonoyl-GPE (18:1/20:4)*,,,,0.0,0.0
100009225,1-(1-enyl-stearoyl)-2-linoleoyl-GPE (P-18:0/18:2)*,,,,0.03361344537815126,0.03225806451612903
100009227,1-linoleoyl-GPG (18:2)*,,,,0.12605042016806722,0.06451612903225806
100009232,thioproline,CHEMBL1235440,,93176.0,0.1092436974789916,0.0967741935483871
100009233,palmitoylcholine,,,151731.0,0.0,0.021505376344086023
100009234,"trans-3,4-methyleneheptanoylcarnitine",,,,0.0,0.0
100009253,mycophenolic acid,CHEMBL866,"C20380,D05096",446541.0,0.0,0.0
100009259,glycocholate glucuronide (1),,,,0.0,0.0
100009264,glycochenodeoxycholate glucuronide (1),,,,0.1092436974789916,0.0967741935483871
100009271,(S)-3-hydroxybutyrylcarnitine,,,,0.31092436974789917,0.22580645161290322
100009272,glycosyl-N-palmitoyl-sphingosine (d18:1/16:0),,,,0.008403361344537815,0.010752688172043012
100009275,methylsuccinoylcarnitine,,,,0.0,0.0
100009326,catechol glucuronide,,,75124209.0,0.0,0.0
100009327,sulfamethoxazole,CHEMBL443,"D00285,C07315,D00447",5329.0,0.0,0.0
100009331,oleoylcholine,,,,0.0,0.021505376344086023
100009332,arachidonoylcholine,,,,0.008403361344537815,0.03225806451612903
100009333,docosahexaenoylcholine,,,,0.0,0.0
100009335,dihomo-linolenoyl-choline,,,,0.0,0.0
100009337,caffeic acid sulfate,,,,0.0,0.0
100009343,1-linoleoyl-2-linolenoyl-GPC (18:2/18:3)*,,,,0.025210084033613446,0.010752688172043012
100009345,1-palmitoleoyl-2-linolenoyl-GPC (16:1/18:3)*,,,,0.03361344537815126,0.021505376344086023
100009346,"phosphatidylcholine (14:0/14:0, 16:0/12:0)",,,,0.15966386554621848,0.12903225806451613
100009347,"phosphatidylcholine (15:0/18:1, 17:0/16:1, 16:0/17:1)*",,,,0.03361344537815126,0.0
100009350,1-oleoyl-2-dihomo-linoleoyl-GPC (18:1/20:2)*,,,,0.0,0.0
100009364,"phosphatidylcholine (18:0/20:2, 20:0/18:2)*",,,,0.025210084033613446,0.0
100009376,1-(1-enyl-oleoyl)-2-docosahexaenoyl-GPE (P-18:1/22:6)*,,,,0.01680672268907563,0.053763440860215055
100009378,1-(1-enyl-stearoyl)-2-dihomo-linolenoyl-GPE (P-18:0/20:3)*,,,,0.08403361344537816,0.06451612903225806
100009390,lamotrigine,CHEMBL741,D00354,3878.0,0.0,0.0
100009394,hexadecadienoate (16:2n6),,,13932172.0,0.09243697478991597,0.06451612903225806
100009406,palmitoleoylcarnitine (C16:1)*,,,71464547.0,0.058823529411764705,0.053763440860215055
100009407,pimeloylcarnitine/3-methyladipoylcarnitine (C7-DC),,,,0.0,0.0
100010850,4-hydroxyphenylacetylglutamine,,,,0.0,0.0
100010869,"2,3-dihydroxy-2-methylbutyrate",,,301941.0,0.0,0.0
100010895,2'-O-methylcytidine,CHEMBL176605,,150971.0,0.0,0.0
100010896,2'-O-methyluridine,,,102212.0,0.0,0.0
100010901,gamma-glutamyl-alpha-lysine,,,65254.0,0.04201680672268908,0.053763440860215055
100010916,palmitoyl-oleoyl-glycerol (16:0/18:1) [1]*,,C13861,,0.0,0.0
100010917,palmitoyl-oleoyl-glycerol (16:0/18:1) [2]*,,C13861,,0.2689075630252101,0.13978494623655913
100010918,oleoyl-oleoyl-glycerol (18:1/18:1)  [1]*,,,,0.18487394957983194,0.06451612903225806
100010919,oleoyl-oleoyl-glycerol (18:1/18:1) [2]*,,,,0.226890756302521,0.06451612903225806
100010922,linoleoyl-arachidonoyl-glycerol (18:2/20:4) [1]*,,,,0.25210084033613445,0.15053763440860216
100010925,palmitoyl-arachidonoyl-glycerol (16:0/20:4) [2]*,,,,0.0,0.0
100010927,linoleoyl-linolenoyl-glycerol (18:2/18:3) [2]*,,,,0.0,0.0
100010930,palmitoleoyl-linoleoyl-glycerol (16:1/18:2) [1]*,,,,0.25210084033613445,0.1935483870967742
100010934,"diacylglycerol (14:0/18:1, 16:0/16:1) [1]*",,,,0.0,0.0
100010935,"diacylglycerol (14:0/18:1, 16:0/16:1) [2]*",,,,0.0,0.0
100010936,oleoyl-arachidonoyl-glycerol (18:1/20:4) [1]*,,,,0.24369747899159663,0.17204301075268819
100010937,oleoyl-arachidonoyl-glycerol (18:1/20:4) [2]*,,,,0.2605042016806723,0.16129032258064516
100010940,"diacylglycerol (16:1/18:2 [2], 16:0/18:3 [1])*",,,,0.2773109243697479,0.15053763440860216
100010941,linoleoyl-linoleoyl-glycerol (18:2/18:2) [1]*,,,,0.15966386554621848,0.07526881720430108
100010949,stearoyl-arachidonoyl-glycerol (18:0/20:4) [1]*,,,,0.10084033613445378,0.15053763440860216
100010950,stearoyl-arachidonoyl-glycerol (18:0/20:4) [2]*,,,,0.0,0.0
100010955,perfluorooctanesulfonate (PFOS),CHEMBL1876554,C18142,74483.0,0.08403361344537816,0.12903225806451613
100010962,1-palmityl-GPE (O-16:0)*,,,,0.0,0.0
100010966,1-palmityl-2-stearoyl-GPC (O-16:0/18:0)*,,,11803170.0,0.03361344537815126,0.021505376344086023
100015586,1-palmityl-2-palmitoyl-GPC (O-16:0/16:0)*,,,145911.0,0.0,0.021505376344086023
100015587,1-stearyl-2-docosapentaenoyl-GPC (O-18:0/22:5n3)*,,,,0.0,0.010752688172043012
100015592,1-stearoyl-2-docosapentaenoyl-GPE (18:0/22:5n3)*,,,,0.0,0.0
100015593,1-stearoyl-2-docosapentaenoyl-GPE (18:0/22:5n6)*,,,,0.0,0.0
100015594,1-stearoyl-2-adrenoyl-GPE (18:0/22:4)*,,,,0.0,0.0
100015596,1-(1-enyl-stearoyl)-2-docosapentaenoyl-GPE (P-18:0/22:5n3)*,,,,0.01680672268907563,0.053763440860215055
100015605,1-palmitoleoyl-2-eicosapentaenoyl-GPC (16:1/20:5)*,,,,0.0,0.0
100015618,palmitoyl-docosahexaenoyl-glycerol (16:0/22:6) [1]*,,,,0.0,0.0
100015620,lactosyl-N-nervonoyl-sphingosine (d18:1/24:1)*,,,,0.0,0.010752688172043012
100015624,N-behenoyl-sphingadienine (d18:2/22:0)*,,,,0.0,0.0
100015625,glycosyl-N-behenoyl-sphingadienine (d18:2/22:0)*,,,,0.008403361344537815,0.03225806451612903
100015640,N-palmitoylserine,,,6453686.0,0.0,0.0
100015681,palmitoleoyl-arachidonoyl-glycerol (16:1/20:4) [2]*,,,,0.0,0.0
100015683,myristoyl-linoleoyl-glycerol (14:0/18:2) [1]*,,,,0.0,0.0
100015687,"phosphatidylethanolamine (P-18:1/20:4, P-16:0/22:5n3)*",,,,0.04201680672268908,0.03225806451612903
100015689,1-palmitoyl-2-(hydroxylinoleoyl)-GPC (16:0/18:2(OH))*,,,,0.0,0.0
100015727,"ceramide (d16:1/24:1, d18:1/22:1)*",,,,0.0,0.0
100015735,"ceramide (d18:1/14:0, d16:1/16:0)*",,,,0.07563025210084033,0.053763440860215055
100015737,"ceramide (d18:1/17:0, d17:1/18:0)*",,,,0.0,0.0
100015744,"ceramide (d18:2/24:1, d18:1/24:2)*",,,,0.0,0.0
100015745,"glycosyl ceramide (d18:2/24:1, d18:1/24:2)*",,,,0.008403361344537815,0.043010752688172046
100015755,"ceramide (d18:1/20:0, d16:1/22:0, d20:1/18:0)*",,,,0.0,0.0
100015759,stearoylcholine*,,,,0.0,0.0
100015760,linoleoylcholine*,,,,0.0,0.03225806451612903
100015783,trazadone,CHEMBL621,"C07156,D08626",5533.0,0.0,0.0
100015786,"sphingomyelin (d18:0/20:0, d16:0/22:0)*",,,,0.09243697478991597,0.0967741935483871
100015787,"sphingomyelin (d18:1/19:0, d19:1/18:0)*",,,,0.008403361344537815,0.07526881720430108
100015788,sphingomyelin (d18:2/18:1)*,,,,0.0,0.0967741935483871
100015789,sphingomyelin (d18:2/24:2)*,,,,0.0,0.07526881720430108
100015790,"sphingomyelin (d18:2/21:0, d16:2/23:0)*",,,,0.008403361344537815,0.07526881720430108
100015791,sphingomyelin (d18:2/23:1)*,,,,0.0,0.07526881720430108
100015792,"sphingomyelin (d18:1/25:0, d19:0/24:1, d20:1/23:0, d19:1/24:0)*",,,,0.008403361344537815,0.08602150537634409
100015793,"sphingomyelin (d17:2/16:0, d18:2/15:0)*",,,,0.0,0.08602150537634409
100015794,dexlansoprazole,CHEMBL1201863,D08903,9578005.0,0.0,0.0
100015831,linolenoylcarnitine (C18:3)*,,,,0.05042016806722689,0.053763440860215055
100015832,behenoylcarnitine (C22)*,,,,0.0,0.0
100015833,arachidoylcarnitine (C20)*,,,,0.0,0.0
100015834,lignoceroylcarnitine (C24)*,,,,0.03361344537815126,0.043010752688172046
100015835,cerotoylcarnitine (C26)*,,,,0.01680672268907563,0.021505376344086023
100015836,ximenoylcarnitine (C26:1)*,,,,0.04201680672268908,0.021505376344086023
100015837,arachidonoylcarnitine (C20:4),,,,0.03361344537815126,0.03225806451612903
100015838,eicosenoylcarnitine (C20:1)*,,,,0.03361344537815126,0.021505376344086023
100015839,dihomo-linoleoylcarnitine (C20:2)*,,,,0.04201680672268908,0.021505376344086023
100015840,dihomo-linolenoylcarnitine (C20:3n3 or 6)*,,,,0.058823529411764705,0.053763440860215055
100015841,erucoylcarnitine (C22:1)*,,,,0.0,0.0
100015845,docosahexaenoylcarnitine (C22:6)*,,,,0.0,0.0
100015846,nervonoylcarnitine (C24:1)*,,,,0.0,0.0
100015850,adrenoylcarnitine (C22:4)*,,,,0.0,0.0
100015851,docosapentaenoylcarnitine (C22:5n3)*,,,,0.0,0.0
100015873,levetiracetam,CHEMBL1286,"D00709,C07841",5284583.0,0.0,0.0
100015914,1-lignoceroyl-2-arachidonoyl-GPC (24:0/20:4)*,,,,0.0,0.0
100015962,"N,N,N-trimethyl-5-aminovalerate",CHEMBL3234375,,14274897.0,0.2857142857142857,0.10752688172043011
100015965,ethyl alpha-glucopyranoside,,,428040.0,0.0,0.0
100015966,carotene diol (1),,,,0.01680672268907563,0.010752688172043012
100015967,carotene diol (2),,,,0.01680672268907563,0.043010752688172046
100015968,carotene diol (3),,,,0.03361344537815126,0.021505376344086023
100015971,cortolone glucuronide (1),,,,0.13445378151260504,0.08602150537634409
100016038,(N(1) + N(8))-acetylspermidine,CHEMBL176800,C00612,496.0,0.058823529411764705,0.053763440860215055
100016069,5-dodecenoylcarnitine (C12:1),,,,0.06722689075630252,0.10752688172043011
100016110,2-butenoylglycine,,,6303498.0,0.0,0.0
100019794,hydroxy-CMPF*,,,,0.01680672268907563,0.043010752688172046
100019884,trans-2-hexenoylglycine,,,,0.0,0.0
100019972,dodecenedioate (C12:1-DC)*,,,,0.0,0.0
100019975,hexadecenedioate (C16:1-DC)*,,,,0.06722689075630252,0.07526881720430108
100019978,octadecenedioate (C18:1-DC),,,,0.06722689075630252,0.043010752688172046
100019982,octadecadienedioate (C18:2-DC)*,,,,0.09243697478991597,0.053763440860215055
100019988,glucuronide of C19H28O4 (2)*,,,,0.0,0.0
100019990,glucuronide of C10H18O2 (1)*,,,,0.0,0.0
100020004,3-carboxy-4-methyl-5-pentyl-2-furanpropionate (3-CMPFP)**,CHEMBL4097863,,194501.0,0.09243697478991597,0.08602150537634409
100020014,glucuronide of C10H18O2 (7)*,,,,0.0,0.0
100020203,3-hydroxystachydrine*,,,442640.0,0.0,0.0
100020204,N-acetyl-2-aminooctanoate*,,,95555.0,0.09243697478991597,0.03225806451612903
100020205,hydroxyasparagine**,CHEMBL63902,C03124,97663.0,0.226890756302521,0.17204301075268819
100020208,perfluorooctanoate (PFOA),CHEMBL172988,,9554.0,0.04201680672268908,0.12903225806451613
100020214,glyco-beta-muricholate**,,,,0.0,0.0
100020219,3-formylindole,CHEMBL147741,C08493,10256.0,0.01680672268907563,0.021505376344086023
100020227,pyroglutamylalanine*,,,159907.0,0.0,0.0
100020234,pyroglutamylleucine*,,,,0.0,0.0
100020241,gamma-glutamylcitrulline*,,,,0.03361344537815126,0.043010752688172046
100020243,N4-acetylsulfamethoxazole*,CHEMBL3560298,"C13061,D01601",65280.0,0.0,0.0
100020253,glycine conjugate of C10H12O2*,,,,0.0,0.0
100020254,glycine conjugate of C10H14O2 (1)*,,,,0.15126050420168066,0.15053763440860216
100020259,glutamine conjugate of C7H12O2*,,,,0.0,0.0
100020261,glutamine conjugate of C6H10O2 (1)*,,,,0.29411764705882354,0.16129032258064516
100020262,glutamine conjugate of C6H10O2 (2)*,,,,0.0,0.0
100020343,tetradecadienoate (14:2)*,,,5312409.0,0.058823529411764705,0.06451612903225806
100020361,3-amino-2-piperidone,,,5200225.0,0.0,0.0
100020371,"N,N-dimethylalanine",,,5488191.0,0.01680672268907563,0.06451612903225806
100020372,3-indoleglyoxylic acid,CHEMBL57285,,73863.0,0.03361344537815126,0.03225806451612903
100020377,ethyl beta-glucopyranoside,,,121667.0,0.058823529411764705,0.043010752688172046
100020378,2-hydroxysebacate,,,128458.0,0.0,0.0
100020407,enterolactone sulfate,,,,0.0,0.0
100020409,ascorbic acid 3-sulfate*,,,11425365.0,0.07563025210084033,0.021505376344086023
100020414,6-bromotryptophan,CHEMBL513050,,96735.0,0.01680672268907563,0.010752688172043012
100020419,1-carboxyethylphenylalanine,,,,0.5546218487394958,0.3118279569892473
100020423,1-carboxyethylvaline,,,,0.0,0.0
100020425,1-carboxyethylleucine,,,,0.0,0.0
100020427,1-carboxyethylisoleucine,,,,0.0,0.0
100020478,dodecadienoate (12:2)*,,,,0.058823529411764705,0.0967741935483871
100020487,N-acetyl-isoputreanine,,,131802901.0,0.03361344537815126,0.03225806451612903
100020491,glucuronide of piperine metabolite C17H21NO3 (3)*,,,,0.0,0.0
100020492,glucuronide of piperine metabolite C17H21NO3 (4)*,,,,0.17647058823529413,0.10752688172043011
100020493,glucuronide of piperine metabolite C17H21NO3 (5)*,,,,0.0,0.0
100020496,sulfate of piperine metabolite C16H19NO3 (2)*,,,,0.06722689075630252,0.053763440860215055
100020497,sulfate of piperine metabolite C16H19NO3 (3)*,,,,0.0,0.0
100020502,sulfate of piperine metabolite C18H21NO3 (1)*,,,,0.0,0.0
100020515,2-naphthol sulfate,,,74428.0,0.0,0.0
100020536,4-ethylcatechol sulfate,,,,0.0,0.0
100020541,11beta-hydroxyandrosterone glucuronide,,,,0.15966386554621848,0.06451612903225806
100020545,"N2-acetyl,N6,N6-dimethyllysine",,,,0.0,0.0
100020549,cholic acid glucuronide,,,,0.0,0.0
100020550,deoxycholic acid glucuronide,,,,0.0,0.0
100020578,4-allylcatechol sulfate,,,,0.08403361344537816,0.11827956989247312
100020591,3-hydroxypyridine glucuronide,,,,0.0,0.0
100020631,4-methylhexanoylglutamine,,,,0.0,0.0
100020819,glycoursodeoxycholic acid sulfate (1),,,,0.0,0.0
100020822,dihydrocaffeate sulfate (2),,,49844181.0,0.0,0.0
100020823,lithocholate sulfate (1),,,,0.0,0.0
100020827,3-(methylthio)acetaminophen sulfate*,,,,0.0,0.0
100020833,2-ketocaprylate,,,67600.0,0.058823529411764705,0.03225806451612903
100020893,"2,3-dihydroxy-5-methylthio-4-pentenoate (DMTPA)*",,,,0.2184873949579832,0.13978494623655913
100020908,Fibrinopeptide B (1-13)**,,,,0.0,0.0
100020975,3-hydroxy-2-methylpyridine sulfate,,,,0.0,0.0
100021000,hydroxypalmitoyl sphingomyelin (d18:1/16:0(OH))**,,,,0.0,0.03225806451612903
100021001,cyclo(pro-arg)*,,,,0.0,0.0
100021012,5-hydroxymethyl-2-furoylcarnitine*,,,,0.0,0.0
100021015,branched-chain fatty acid 18:0 (2)**,,,,0.0,0.0
100021100,tetradecadienedioate (C14:2-DC)*,,,,0.10084033613445378,0.15053763440860216
100021104,pregnenetriol disulfate*,,,,0.05042016806722689,0.10752688172043011
100021105,eicosenedioate (C20:1-DC)*,,,,0.05042016806722689,0.08602150537634409
100021123,"hydroxy-N6,N6,N6-trimethyllysine*",,,,0.08403361344537816,0.15053763440860216
100021131,undecenoylcarnitine (C11:1),,,,0.03361344537815126,0.021505376344086023
100021136,3-decenoylcarnitine,,,,0.0,0.0
100021162,palmitoyl-sphingosine-phosphoethanolamine (d18:1/16:0),,,,0.025210084033613446,0.03225806451612903
100021208,4-vinylcatechol sulfate,,,,0.0,0.0
100021324,"3,5-dichloro-2,6-dihydroxybenzoic acid",,,,0.13445378151260504,0.15053763440860216
100021329,(S)-a-amino-omega-caprolactam,CHEMBL40172,C05328,439823.0,0.06722689075630252,0.053763440860215055
100021331,metabolonic lactone sulfate,,,,0.2857142857142857,0.16129032258064516
100021363,vanillic acid glycine,,,3083688.0,0.0,0.0
100021374,branched chain 14:0 dicarboxylic acid**,,,,0.03361344537815126,0.08602150537634409
100021502,(2 or 3)-decenoate (10:1n7 or n8),,,,0.04201680672268908,0.08602150537634409
100021647,isoursodeoxycholate sulfate (1),,,,0.0,0.0
100021666,"branched-chain, straight-chain, or cyclopropyl 10:1 fatty acid (1)*",,,,0.04201680672268908,0.043010752688172046
100021707,"3-bromo-5-chloro-2,6-dihydroxybenzoic acid*",,,,0.05042016806722689,0.06451612903225806
100021709,"branched-chain, straight-chain, or cyclopropyl 12:1 fatty acid*",,,,0.05042016806722689,0.07526881720430108
100021711,decadienedioic acid (C10:2-DC)**,,,,0.06722689075630252,0.15053763440860216
100021712,deoxycholic acid 12-sulfate*,,,,0.0,0.0
100021726,GlcNAc sulfate conjugate of C21H34O2 steroid**,,,,0.0,0.0
100021727,"cis-3,4-methyleneheptanoate",,,,0.1092436974789916,0.12903225806451613
100021728,"cis-3,4-methyleneheptanoylcarnitine",,,,0.15966386554621848,0.17204301075268819
100021760,N-acetyl-2-aminoadipate,,C12986,443992.0,0.0,0.0
100021784,4-chlorobenzoic acid,,,,0.05042016806722689,0.06451612903225806
100021918,"2,4-di-tert-butylphenol",,,,0.09243697478991597,0.021505376344086023
100021990,3-hydroxyoctanoylcarnitine (1),,,,0.058823529411764705,0.0967741935483871
100021992,"cis-3,4-methyleneheptanoylglycine",,,,0.1092436974789916,0.06451612903225806
100022003,"bilirubin degradation product, C16H18N2O5 (1)**",,,,0.025210084033613446,0.03225806451612903
100022004,"bilirubin degradation product, C16H18N2O5 (2)**",,,,0.008403361344537815,0.021505376344086023
100022005,"bilirubin degradation product, C17H18N2O4 (1)**",,,,0.03361344537815126,0.03225806451612903
100022006,"bilirubin degradation product, C17H18N2O4 (2)**",,,,0.025210084033613446,0.03225806451612903
100022007,"bilirubin degradation product, C17H18N2O4 (3)**",,,,0.04201680672268908,0.03225806451612903
100022008,"bilirubin degradation product, C17H20N2O5 (1)**",,,,0.03361344537815126,0.021505376344086023
100022009,"bilirubin degradation product, C17H20N2O5 (2)**",,,,0.03361344537815126,0.021505376344086023
100022013,tetrahydrocortisol glucuronide,,,,0.15966386554621848,0.06451612903225806
100022041,"N,N-dimethyl-pro-pro",,,,0.13445378151260504,0.043010752688172046
100022120,oxindolylalanine,,,20977764.0,0.008403361344537815,0.021505376344086023
100022127,tetrahydrocortisone glucuronide (5),,,,0.12605042016806722,0.0967741935483871
999932698,X - 11381,,,,0.05042016806722689,0.053763440860215055
999933132,X - 11787,,,,0.03361344537815126,0.043010752688172046
999933140,X - 11795,,,,0.058823529411764705,0.12903225806451613
999946259,X - 21258,,,,0.1092436974789916,0.1827956989247312
999946261,X - 19438,,,,0.2857142857142857,0.13978494623655913
999946266,X - 15486,,,,0.18487394957983194,0.12903225806451613
999946283,X - 15461,,,,0.0,0.0
999946294,X - 21285,,,,0.0,0.0
999946295,X - 21286,,,,0.09243697478991597,0.10752688172043011
999946316,X - 21295,,,,0.0,0.0
999946318,X - 12714,,,,0.0,0.0
999946354,X - 21310,,,,0.03361344537815126,0.021505376344086023
999946355,X - 09789,,,,0.0,0.0
999946356,X - 21312,,,,0.0,0.0
999946359,X - 21315,,,,0.0,0.0
999946362,X - 21318,,,,0.0,0.0
999946363,X - 21319,,,,0.07563025210084033,0.07526881720430108
999946364,X - 12847,,,,0.0,0.0
999946384,X - 21339,,,,0.15966386554621848,0.0967741935483871
999946386,X - 21341,,,,0.0,0.0
999946390,X - 11308,,,,0.11764705882352941,0.010752688172043012
999946398,X - 21353,,,,0.08403361344537816,0.043010752688172046
999946409,X - 21364,,,,0.08403361344537816,0.021505376344086023
999946417,X - 13866,,,,0.09243697478991597,0.0967741935483871
999946428,X - 21383,,,,0.13445378151260504,0.08602150537634409
999946455,X - 21410,,,,0.0,0.0
999946460,X - 11444,,,,0.12605042016806722,0.043010752688172046
999946461,X - 16124,,,,0.0,0.0
999946466,X - 11843,,,,0.0,0.0
999946486,X - 21441,,,,0.0,0.0
999946487,X - 21442,,,,0.0,0.0
999946488,X - 11847,,,,0.0,0.0
999946507,X - 11850,,,,0.0,0.0
999946510,X - 12544,,,,0.0,0.0
999946511,X - 16938,,,,0.0,0.0
999946512,X - 21467,,,,0.40336134453781514,0.1827956989247312
999946515,X - 21470,,,,0.1092436974789916,0.08602150537634409
999946516,X - 21471,,,,0.35294117647058826,0.15053763440860216
999946521,X - 11852,,,,0.0,0.0
999946590,X - 07765,,,,0.10084033613445378,0.13978494623655913
999946592,X - 11299,,,,0.1092436974789916,0.0967741935483871
999946594,X - 11372,,,,0.025210084033613446,0.021505376344086023
999946595,X - 11378,,,,0.11764705882352941,0.12903225806451613
999946601,X - 11470,,,,0.01680672268907563,0.07526881720430108
999946602,X - 11478,,,,0.1092436974789916,0.11827956989247312
999946607,X - 11849,,,,0.11764705882352941,0.10752688172043011
999946608,X - 11880,,,,0.11764705882352941,0.03225806451612903
999946610,X - 12007,,,,0.0,0.0
999946611,X - 12013,,,,0.0,0.0
999946613,X - 12216,,,,0.04201680672268908,0.06451612903225806
999946615,X - 12407,,,,0.0,0.0
999946616,X - 12411,,,,0.16806722689075632,0.12903225806451613
999946620,X - 12462,,,,0.09243697478991597,0.11827956989247312
999946623,X - 12729,,,,0.0,0.0
999946624,X - 12798,,,,0.07563025210084033,0.03225806451612903
999946627,X - 12740,,,,0.0,0.0
999946630,X - 12816,,,,0.0,0.0
999946632,X - 14056,,,,0.17647058823529413,0.13978494623655913
999946633,X - 12844,,,,0.05042016806722689,0.043010752688172046
999946636,X - 12849,,,,0.0,0.0
999946639,X - 12851,,,,0.0,0.0
999946645,X - 13728,,,,0.09243697478991597,0.0967741935483871
999946646,X - 13835,,,,0.0,0.0
999946649,X - 14568,,,,0.0,0.0
999946652,X - 14658,,,,0.0,0.0
999946657,X - 14939,,,,0.15126050420168066,0.12903225806451613
999946658,X - 15220,,,,0.0,0.0
999946661,X - 15245,,,,0.0,0.0
999946665,X - 15674,,,,0.0,0.0
999946666,X - 15728,,,,0.0,0.0
999946673,X - 16576,,,,0.0,0.0
999946674,X - 21607,,,,0.08403361344537816,0.11827956989247312
999946681,X - 16935,,,,0.2857142857142857,0.21505376344086022
999946685,X - 16964,,,,0.0,0.0
999946690,X - 18901,,,,0.05042016806722689,0.053763440860215055
999946695,X - 18913,,,,0.08403361344537816,0.043010752688172046
999946700,X - 18922,,,,0.15126050420168066,0.043010752688172046
999946701,X - 19141,,,,0.01680672268907563,0.03225806451612903
999946705,X - 17438,,,,0.0,0.0
999946707,X - 17653,,,,0.07563025210084033,0.06451612903225806
999946710,X - 17690,,,,0.0,0.0
999946902,X - 21733,,,,0.0,0.0
999946905,X - 21736,,,,0.3025210084033613,0.20430107526881722
999946906,X - 21737,,,,0.0,0.0
999946911,X - 21742,,,,0.0,0.0
999946923,X - 21752,,,,0.0,0.0
999946932,X - 12104,,,,0.0,0.0
999946966,X - 12126,,,,0.0,0.0
999946970,X - 17676,,,,0.09243697478991597,0.08602150537634409
999946972,X - 21796,,,,0.01680672268907563,0.043010752688172046
999946973,X - 12718,,,,0.0,0.0
999946976,X - 17365,,,,0.0,0.0
999946977,X - 15503,,,,0.17647058823529413,0.12903225806451613
999946980,X - 21803,,,,0.0,0.0
999946985,X - 12193,,,,0.0,0.0
999946986,X - 12812,,,,0.0,0.0
999946989,X - 17348,,,,0.0,0.0
999946992,X - 21815,,,,0.0,0.0
999946993,X - 21816,,,,0.0,0.0
999946994,X - 17367,,,,0.0,0.0
999946997,X - 12822,,,,0.0,0.0
999946998,X - 21821,,,,0.0,0.0
999947006,X - 21829,,,,0.31092436974789917,0.1827956989247312
999947009,X - 17354,,,,0.0,0.0
999947011,X - 21834,,,,0.0,0.0
999947014,X - 12839,,,,0.0,0.0
999947015,X - 21838,,,,0.0,0.0
999947016,X - 21839,,,,0.0,0.0
999947017,X - 21840,,,,0.0,0.0
999947019,X - 21842,,,,0.0,0.0
999947022,X - 21845,,,,0.0,0.0
999947025,X - 12848,,,,0.0,0.0
999947028,X - 21851,,,,0.0,0.0
999947181,X - 21935,,,,0.0,0.0
999947203,X - 13007,,,,0.0,0.0
999947204,X - 14904,,,,0.0,0.0
999947301,X - 18887,,,,0.0,0.0
999947342,X - 18345,,,,0.0,0.0
999947417,X - 22162,,,,0.07563025210084033,0.07526881720430108
999947437,X - 12680,,,,0.12605042016806722,0.0967741935483871
999947478,X - 10458,,,,0.0,0.0
999947493,X - 11632,,,,0.0,0.0
999947510,X - 12027,,,,0.0,0.0
999947561,X - 19561,,,,0.0,0.0
999947639,X - 12456,,,,0.0,0.0
999947642,X - 12101,,,,0.2605042016806723,0.15053763440860216
999947643,X - 12125,,,,0.0,0.0
999947650,X - 11483,,,,0.08403361344537816,0.08602150537634409
999947653,X - 11593,,,,0.0,0.0
999947654,X - 11858,,,,0.0,0.0
999947657,X - 12261,,,,0.0,0.0
999947662,X - 12830,,,,0.0,0.0
999947664,X - 13658,,,,0.0,0.0
999947670,X - 18899,,,,0.0,0.0
999947671,X - 18921,,,,0.07563025210084033,0.06451612903225806
999947672,X - 19183,,,,0.0,0.0
999947674,X - 19455,,,,0.0,0.0
999947687,X - 12100,,,,0.13445378151260504,0.15053763440860216
999947695,X - 12117,,,,0.0,0.0
999947702,X - 12127,,,,0.0,0.0
999947708,X - 12283,,,,0.0,0.0
999947723,X - 12753,,,,0.0,0.0
999947773,X - 22509,,,,0.0,0.0
999947788,X - 13431,,,,0.07563025210084033,0.043010752688172046
999947790,X - 13684,,,,0.0,0.0
999947796,X - 17304,,,,0.0,0.0
999947802,X - 16397,,,,0.058823529411764705,0.12903225806451613
999947804,X - 16580,,,,0.15126050420168066,0.0967741935483871
999947815,X - 17325,,,,0.0,0.0
999947818,X - 17328,,,,0.0,0.0
999947820,X - 17335,,,,0.09243697478991597,0.043010752688172046
999947905,X - 12026,,,,0.13445378151260504,0.10752688172043011
999947909,X - 12170,,,,0.0,0.0
999947912,X - 12257,,,,0.0,0.0
999947917,X - 12306,,,,0.0,0.0
999947921,X - 12410,,,,0.0,0.0
999947922,X - 12543,,,,0.0,0.0
999947929,X - 12707,,,,0.0,0.0
999947936,X - 12726,,,,0.0,0.0
999947937,X - 12730,,,,0.0,0.0
999947938,X - 12731,,,,0.0,0.0
999947940,X - 12738,,,,0.0,0.0
999947943,X - 12818,,,,0.0,0.0
999947955,X - 12906,,,,0.08403361344537816,0.13978494623655913
999947959,X - 13553,,,,0.0,0.0
999947960,X - 13688,,,,0.0,0.0
999947967,X - 13726,,,,0.0,0.0
999947971,X - 13729,,,,0.1092436974789916,0.053763440860215055
999947977,X - 13844,,,,0.0,0.0
999947988,X - 16087,,,,0.0,0.0
999947992,X - 16649,,,,0.0,0.0
999947993,X - 17010,,,,0.10084033613445378,0.11827956989247312
999947997,X - 17346,,,,0.0,0.0
999948001,X - 17351,,,,0.0,0.0
999948003,X - 17353,,,,0.0,0.0
999948009,X - 17357,,,,0.13445378151260504,0.08602150537634409
999948013,X - 17361,,,,0.0,0.0
999948016,X - 17371,,,,0.0,0.0
999948019,X - 17655,,,,0.0,0.0
999948025,X - 17685,,,,0.0,0.0
999948047,X - 18886,,,,0.0,0.0
999948048,X - 18888,,,,0.0,0.0
999948076,X - 22771,,,,0.0,0.0
999948081,X - 22776,,,,0.0,0.0
999948094,X - 22789,,,,0.0,0.0
999948185,X - 22834,,,,0.0,0.0
999949463,X - 23587,,,,0.0,0.0
999949512,X - 23636,,,,0.008403361344537815,0.0
999949515,X - 23639,,,,0.008403361344537815,0.043010752688172046
999949517,X - 23641,,,,0.0,0.0
999949521,X - 23644,,,,0.11764705882352941,0.10752688172043011
999949525,X - 23648,,,,0.0,0.0
999949529,X - 23652,,,,0.0,0.0
999949532,X - 23655,,,,0.0,0.0
999949546,X - 23669,,,,0.0,0.0
999949555,X - 23678,,,,0.0,0.0
999949557,X - 23680,,,,0.05042016806722689,0.07526881720430108
999949592,X - 11315,,,,0.025210084033613446,0.010752688172043012
999949637,X - 23739,,,,0.058823529411764705,0.053763440860215055
999949675,X - 23776,,,,0.0,0.0
999949679,X - 23780,,,,0.0,0.0
999949681,X - 23782,,,,0.03361344537815126,0.08602150537634409
999949688,X - 23787,,,,0.0,0.0
999949792,X - 23890,,,,0.0,0.0
999949883,X - 23974,,,,0.0,0.0
999952025,X - 23997,,,,0.0,0.0
999952280,X - 24241,,,,0.0,0.0
999952286,X - 24243,,,,0.0,0.0
999952483,X - 24295,,,,0.33613445378151263,0.16129032258064516
999952501,X - 24306,,,,0.07563025210084033,0.06451612903225806
999952502,X - 24307,,,,0.06722689075630252,0.0967741935483871
999952504,X - 24309,,,,0.0,0.0
999952524,X - 24328,,,,0.07563025210084033,0.06451612903225806
999952530,X - 24334,,,,0.0,0.0
999952533,X - 24337,,,,0.0,0.0
999952548,X - 24352,,,,0.0,0.0
999952636,X - 24422,,,,0.0,0.0
999952640,X - 24411,,,,0.0,0.0
999952647,X - 24418,,,,0.0,0.0
999952655,X - 24425,,,,0.0,0.0
999952661,X - 24431,,,,0.0,0.0
999952662,X - 24432,,,,0.0,0.0
999952773,X - 24456,,,,0.0,0.0
999952797,X - 12111,,,,0.0,0.0
999952839,X - 24518,,,,0.0,0.0
999952843,X - 24522,,,,0.0,0.0
999952862,X - 24541,,,,0.0,0.0
999952865,X - 24544,,,,0.058823529411764705,0.07526881720430108
999952866,X - 24545,,,,0.0,0.0
999952867,X - 24546,,,,0.0,0.0
999952870,X - 24549,,,,0.0,0.0
999952877,X - 24556,,,,0.05042016806722689,0.08602150537634409
999952892,X - 24571,,,,0.0,0.0
999952906,X - 24585,,,,0.0,0.0
999952909,X - 24588,,,,0.025210084033613446,0.053763440860215055
999953065,X - 24637,,,,0.0,0.0
999953114,X - 24686,,,,0.0,0.0
999953157,X - 24728,,,,0.0,0.0
999953172,X - 24736,,,,0.0,0.0
999953266,X - 24747,,,,0.0,0.0
999953267,X - 24748,,,,0.0,0.0
999954831,X - 24803,,,,0.0,0.0
999954832,X - 24804,,,,0.0,0.0
999954834,X - 24806,,,,0.0,0.0
999954839,X - 24811,,,,0.0,0.0
999954840,X - 24812,,,,0.0,0.0
