index,name,uniprot,gene_name,outlier_frequency_in_diabetes,outlier_frequency_in_pre_diab
CAM_O00533,CAM_O00533,O00533,CHL1,0.0,0.0
CAM_O14786,CAM_O14786,O14786,NRP1,0.0,0.0
CAM_O15031,CAM_O15031,O15031,PLXNB2,0.0,0.0
CAM_O75015,CAM_O75015,O75015,FCGR3B,0.0,0.0
CAM_O75023,CAM_O75023,O75023,LILRB5,0.0,0.0
CAM_O95445,CAM_O95445,O95445,APOM,0.0,0.0
CAM_P00441,CAM_P00441,P00441,SOD1,0.0,0.0
CAM_P00915,CAM_P00915,P00915,CA1,0.0,0.0
CAM_P01033,CAM_P01033,P01033,TIMP1,0.0,0.0
CAM_P01034,CAM_P01034,P01034,CST3,0.0,0.0
CAM_P03950,CAM_P03950,P03950,ANG,0.0,0.0
CAM_P03951,CAM_P03951,P03951,F11,0.0,0.0
CAM_P04070,CAM_P04070,P04070,PROC,0.0,0.0
CAM_P05154,CAM_P05154,P05154,SERPINA5,0.0,0.0
CAM_P05362,CAM_P05362,P05362,ICAM1,0.0,0.0
CAM_P05451,CAM_P05451,P05451,REG1A,0.0,0.0
CAM_P05543,CAM_P05543,P05543,SERPINA7,0.0,0.0
CAM_P06681,CAM_P06681,P06681,C2,0.0,0.0
CAM_P07359,CAM_P07359,P07359,GP1BA,0.0,0.0
CAM_P07451,CAM_P07451,P07451,CA3,0.0,0.0
CAM_P07478,CAM_P07478,P07478,PRSS2,0.0,0.0
CAM_P07911,CAM_P07911,P07911,UMOD,0.0,0.0
CAM_P08581,CAM_P08581,P08581,MET,0.0,0.0
CAM_P08709,CAM_P08709,P08709,F7,0.0,0.0
CAM_P0CG05,CAM_P0CG05,P0CG05,"IGLC2,IGLC3",0.0,0.0
CAM_P10721,CAM_P10721,P10721,KIT,0.0,0.0
CAM_P11215,CAM_P11215,P11215,ITGAM,0.0,0.0
CAM_P11226,CAM_P11226,P11226,MBL2,0.0,0.0
CAM_P12318,CAM_P12318,P12318,FCGR2A,0.0,0.0
CAM_P12830,CAM_P12830,P12830,CDH1,0.0,0.0
CAM_P13501,CAM_P13501,P13501,CCL5,0.0,0.0
CAM_P13591,CAM_P13591,P13591,NCAM1,0.0,0.0
CAM_P13987,CAM_P13987,P13987,CD59,0.0,0.0
CAM_P14151,CAM_P14151,P14151,SELL,0.0,0.0
CAM_P14543,CAM_P14543,P14543,NID1,0.0,0.0
CAM_P15529,CAM_P15529,P15529,CD46,0.0,0.0
CAM_P15907,CAM_P15907,P15907,ST6GAL1,0.0,0.0
CAM_P16871,CAM_P16871,P16871,IL7R,0.0,0.0
CAM_P17813,CAM_P17813,P17813,ENG,0.0,0.0
CAM_P17936,CAM_P17936,P17936,IGFBP3,0.0,0.0
CAM_P19021,CAM_P19021,P19021,PAM,0.0,0.0
CAM_P19320,CAM_P19320,P19320,VCAM1,0.0,0.0
CAM_P20023,CAM_P20023,P20023,CR2,0.0,0.0
CAM_P20062,CAM_P20062,P20062,TCN2,0.0,0.0
CAM_P22105,CAM_P22105,P22105,TNXB,0.0,0.0
CAM_P22748,CAM_P22748,P22748,CA4,0.0,0.0
CAM_P22749,CAM_P22749,P22749,GNLY,0.0,0.0
CAM_P23141,CAM_P23141,P23141,CES1,0.0,0.0
CAM_P24592,CAM_P24592,P24592,IGFBP6,0.0,0.0
CAM_P24821,CAM_P24821,P24821,TNC,0.0,0.0
CAM_P27487,CAM_P27487,P27487,DPP4,0.0,0.0
CAM_P32942,CAM_P32942,P32942,ICAM3,0.0,0.0
CAM_P35443,CAM_P35443,P35443,THBS4,0.0,0.0
CAM_P35542,CAM_P35542,P35542,SAA4,0.0,0.0
CAM_P35590,CAM_P35590,P35590,TIE1,0.0,0.0
CAM_P39060,CAM_P39060,P39060,COL18A1,0.0,0.0
CAM_P42785,CAM_P42785,P42785,PRCP,0.0,0.0
CAM_P46531,CAM_P46531,P46531,NOTCH1,0.0,0.0
CAM_P49747,CAM_P49747,P49747,COMP,0.0,0.0
CAM_P55058,CAM_P55058,P55058,PLTP,0.0,0.0
CAM_P55774,CAM_P55774,P55774,CCL18,0.0,0.0
CAM_P59665,CAM_P59665,P59665,"DEFA1,DEFA1B",0.0,0.0
CAM_P80188,CAM_P80188,P80188,LCN2,0.0,0.0
CAM_Q03167,CAM_Q03167,Q03167,TGFBR3,0.0,0.0
CAM_Q06141,CAM_Q06141,Q06141,REG3A,0.0,0.0
CAM_Q12805,CAM_Q12805,Q12805,EFEMP1,0.0,0.0
CAM_Q12884,CAM_Q12884,Q12884,FAP,0.0,0.0
CAM_Q13093,CAM_Q13093,Q13093,PLA2G7,0.0,0.0
CAM_Q13332,CAM_Q13332,Q13332,PTPRS,0.0,0.0
CAM_Q13361,CAM_Q13361,Q13361,MFAP5,0.0,0.0
CAM_Q14393,CAM_Q14393,Q14393,GAS6,0.0,0.0
CAM_Q14515,CAM_Q14515,Q14515,SPARCL1,0.0,0.0
CAM_Q14767,CAM_Q14767,Q14767,LTBP2,0.0,0.0
CAM_Q15113,CAM_Q15113,Q15113,PCOLCE,0.0,0.0
CAM_Q15485,CAM_Q15485,Q15485,FCN2,0.0,0.0
CAM_Q15582,CAM_Q15582,Q15582,TGFBI,0.0,0.0
CAM_Q16627,CAM_Q16627,Q16627,CCL14,0.0,0.0
CAM_Q16769,CAM_Q16769,Q16769,QPCT,0.0,0.0
CAM_Q16853,CAM_Q16853,Q16853,AOC3,0.0,0.0
CAM_Q6EMK4,CAM_Q6EMK4,Q6EMK4,VASN,0.0,0.0
CAM_Q8N423,CAM_Q8N423,Q8N423,LILRB2,0.0,0.0
CAM_Q8NHL6,CAM_Q8NHL6,Q8NHL6,LILRB1,0.0,0.0
CAM_Q96H15,CAM_Q96H15,Q96H15,TIMD4,0.0,0.0
CAM_Q96KN2,CAM_Q96KN2,Q96KN2,CNDP1,0.0,0.0
CAM_Q99650,CAM_Q99650,Q99650,OSMR,0.0,0.0
CAM_Q9BXJ1,CAM_Q9BXJ1,Q9BXJ1,C1QTNF1,0.0,0.0
CAM_Q9BXR6,CAM_Q9BXR6,Q9BXR6,CFHR5,0.0,0.0
CAM_Q9H1U4,CAM_Q9H1U4,Q9H1U4,MEGF9,0.0,0.0
CAM_Q9NQ79,CAM_Q9NQ79,Q9NQ79,CRTAC1,0.0,0.0
CAM_Q9UGM5,CAM_Q9UGM5,Q9UGM5,FETUB,0.0,0.0
CAM_Q9Y5C1,CAM_Q9Y5C1,Q9Y5C1,ANGPTL3,0.0,0.0
CAM_Q9Y5Y7,CAM_Q9Y5Y7,Q9Y5Y7,LYVE1,0.0,0.0
CRE_A4D1B5,CRE_A4D1B5,A4D1B5,GSAP,0.0,0.0
CRE_O00220,CRE_O00220,O00220,TNFRSF10A,0.0,0.0
CRE_O00221,CRE_O00221,O00221,NFKBIE,0.0,0.0
CRE_O00451,CRE_O00451,O00451,GFRA2,0.0,0.0
CRE_O14662,CRE_O14662,O14662,STX16,0.0,0.0
CRE_O14904,CRE_O14904,O14904,WNT9A,0.0,0.0
CRE_O14917,CRE_O14917,O14917,PCDH17,0.0,0.0
CRE_O43186,CRE_O43186,O43186,CRX,0.0,0.0
CRE_O43521-2,CRE_O43521-2,O43521,BCL2L11,0.0,0.0
CRE_O43699,CRE_O43699,O43699,SIGLEC6,0.0,0.0
CRE_O43752,CRE_O43752,O43752,STX6,0.0,0.0
CRE_O43915,CRE_O43915,O43915,FIGF,0.0,0.0
CRE_O60243,CRE_O60243,O60243,HS6ST1,0.0,0.0
CRE_O75054,CRE_O75054,O75054,IGSF3,0.0,0.0
CRE_O75354,CRE_O75354,O75354,ENTPD6,0.0,0.0
CRE_O94760,CRE_O94760,O94760,DDAH1,0.0,0.0
CRE_O95183,CRE_O95183,O95183,VAMP5,0.0,0.0
CRE_O95644,CRE_O95644,O95644,NFATC1,0.0,0.0
CRE_O95988,CRE_O95988,O95988,TCL1B,0.0,0.0
CRE_O96013,CRE_O96013,O96013,PAK4,0.0,0.0
CRE_P01242,CRE_P01242,P01242,GH2,0.0,0.0
CRE_P01275,CRE_P01275,P01275,GCG,0.0,0.0
CRE_P02462,CRE_P02462,P02462,COL4A1,0.0,0.0
CRE_P04637,CRE_P04637,P04637,TP53,0.0,0.0
CRE_P05412,CRE_P05412,P05412,JUN,0.0,0.0
CRE_P08237,CRE_P08237,P08237,PFKM,0.0,0.0
CRE_P09758,CRE_P09758,P09758,TACSTD2,0.0,0.0
CRE_P0CG37,CRE_P0CG37,P0CG37,CFC1,0.0,0.0
CRE_P11274,CRE_P11274,P11274,BCR,0.0,0.0
CRE_P15848,CRE_P15848,P15848,ARSB,0.0,0.0
CRE_P16562,CRE_P16562,P16562,CRISP2,0.0,0.0
CRE_P21810,CRE_P21810,P21810,BGN,0.0,0.0
CRE_P22681,CRE_P22681,P22681,CBL,0.0,0.0
CRE_P23515,CRE_P23515,P23515,OMG,0.0,0.0
CRE_P25685,CRE_P25685,P25685,DNAJB1,0.0,0.0
CRE_P30041,CRE_P30041,P30041,PRDX6,0.0,0.0
CRE_P47929,CRE_P47929,P47929,"LGALS7,LGALS7B",0.0,0.0
CRE_P52564,CRE_P52564,P52564,MAP2K6,0.0,0.0
CRE_P57771,CRE_P57771,P57771,RGS8,0.0,0.0
CRE_P58294,CRE_P58294,P58294,PROK1,0.0,0.0
CRE_Q01543,CRE_Q01543,Q01543,FLI1,0.0,0.0
CRE_Q02742,CRE_Q02742,Q02742,GCNT1,0.0,0.0
CRE_Q05516,CRE_Q05516,Q05516,ZBTB16,0.0,0.0
CRE_Q06520,CRE_Q06520,Q06520,SULT2A1,0.0,0.0
CRE_Q07960,CRE_Q07960,Q07960,ARHGAP1,0.0,0.0
CRE_Q10471,CRE_Q10471,Q10471,GALNT2,0.0,0.0
CRE_Q12912,CRE_Q12912,Q12912,LRMP,0.0,0.0
CRE_Q13105,CRE_Q13105,Q13105,ZBTB17,0.0,0.0
CRE_Q13561,CRE_Q13561,Q13561,DCTN2,0.0,0.0
CRE_Q13576,CRE_Q13576,Q13576,IQGAP2,0.0,0.0
CRE_Q16653,CRE_Q16653,Q16653,MOG,0.0,0.0
CRE_Q49AH0,CRE_Q49AH0,Q49AH0,CDNF,0.0,0.0
CRE_Q6UB28,CRE_Q6UB28,Q6UB28,METAP1D,0.0,0.0
CRE_Q6UXD5,CRE_Q6UXD5,Q6UXD5,SEZ6L2,0.0,0.0
CRE_Q6UXK5,CRE_Q6UXK5,Q6UXK5,LRRN1,0.0,0.0
CRE_Q7Z5A7,CRE_Q7Z5A7,Q7Z5A7,FAM19A5,0.0,0.0
CRE_Q7Z5R6,CRE_Q7Z5R6,Q7Z5R6,APBB1IP,0.0,0.0
CRE_Q86SJ2,CRE_Q86SJ2,Q86SJ2,AMIGO2,0.0,0.0
CRE_Q86WV1,CRE_Q86WV1,Q86WV1,SKAP1,0.0,0.0
CRE_Q8N2G4,CRE_Q8N2G4,Q8N2G4,LYPD1,0.0,0.0
CRE_Q8N5S9,CRE_Q8N5S9,Q8N5S9,CAMKK1,0.0,0.0
CRE_Q8TD06,CRE_Q8TD06,Q8TD06,AGR3,0.0,0.0
CRE_Q8WYN0,CRE_Q8WYN0,Q8WYN0,ATG4A,0.0,0.0
CRE_Q92558,CRE_Q92558,Q92558,WASF1,0.0,0.0
CRE_Q92982,CRE_Q92982,Q92982,NINJ1,0.0,0.0
CRE_Q969V3,CRE_Q969V3,Q969V3,NCLN,0.0,0.0
CRE_Q96I82,CRE_Q96I82,Q96I82,KAZALD1,0.0,0.0
CRE_Q96LC7,CRE_Q96LC7,Q96LC7,SIGLEC10,0.0,0.0
CRE_Q96PD2,CRE_Q96PD2,Q96PD2,DCBLD2,0.0,0.0
CRE_Q96PQ0,CRE_Q96PQ0,Q96PQ0,SORCS2,0.0,0.0
CRE_Q96SM3,CRE_Q96SM3,Q96SM3,CPXM1,0.0,0.0
CRE_Q9BQT9,CRE_Q9BQT9,Q9BQT9,CLSTN3,0.0,0.0
CRE_Q9BWV1,CRE_Q9BWV1,Q9BWV1,BOC,0.0,0.0
CRE_Q9C0C4,CRE_Q9C0C4,Q9C0C4,SEMA4C,0.0,0.0
CRE_Q9H156,CRE_Q9H156,Q9H156,SLITRK2,0.0,0.0
CRE_Q9H5Y7,CRE_Q9H5Y7,Q9H5Y7,SLITRK6,0.0,0.0
CRE_Q9HCU5,CRE_Q9HCU5,Q9HCU5,PREB,0.0,0.0
CRE_Q9NRM6,CRE_Q9NRM6,Q9NRM6,IL17RB,0.0,0.0
CRE_Q9NS71,CRE_Q9NS71,Q9NS71,GKN1,0.0,0.0
CRE_Q9NSA1,CRE_Q9NSA1,Q9NSA1,FGF21,0.0,0.0
CRE_Q9NX58,CRE_Q9NX58,Q9NX58,LYAR,0.0,0.0
CRE_Q9NZ53,CRE_Q9NZ53,Q9NZ53,PODXL2,0.0,0.0
CRE_Q9NZN5,CRE_Q9NZN5,Q9NZN5,ARHGEF12,0.0,0.0
CRE_Q9P0V8,CRE_Q9P0V8,Q9P0V8,SLAMF8,0.0,0.0
CRE_Q9UBG0,CRE_Q9UBG0,Q9UBG0,MRC2,0.0,0.0
CRE_Q9UBM4,CRE_Q9UBM4,Q9UBM4,OPTC,0.0,0.0
CRE_Q9UK85,CRE_Q9UK85,Q9UK85,DKKL1,0.0,0.0
CRE_Q9UKR0,CRE_Q9UKR0,Q9UKR0,KLK12,0.0,0.0
CRE_Q9UPY6,CRE_Q9UPY6,Q9UPY6,WASF3,0.0,0.0
CRE_Q9Y2W6,CRE_Q9Y2W6,Q9Y2W6,TDRKH,0.0,0.0
CRE_Q9Y662,CRE_Q9Y662,Q9Y662,HS3ST3B1,0.0,0.0
CRE_Q9Y6A5,CRE_Q9Y6A5,Q9Y6A5,TACC3,0.0,0.0
CVD2_O00182,CVD2_O00182,O00182,LGALS9,0.04201680672268908,0.03225806451612903
CVD2_O00220,CVD2_O00220,O00220,TNFRSF10A,0.15966386554621848,0.13978494623655913
CVD2_O00253,CVD2_O00253,O00253,AGRP,0.008403361344537815,0.010752688172043012
CVD2_O14763,CVD2_O14763,O14763,TNFRSF10B,0.12605042016806722,0.11827956989247312
CVD2_O14836,CVD2_O14836,O14836,TNFRSF13B,0.03361344537815126,0.0
CVD2_O43915,CVD2_O43915,O43915,FIGF,0.0,0.0
CVD2_O94907,CVD2_O94907,O94907,DKK1,0.03361344537815126,0.021505376344086023
CVD2_P00797,CVD2_P00797,P00797,REN,0.16806722689075632,0.17204301075268819
CVD2_P01127,CVD2_P01127,P01127,PDGFB,0.008403361344537815,0.0
CVD2_P01241,CVD2_P01241,P01241,GH1,0.0,0.0
CVD2_P01730,CVD2_P01730,P01730,CD4,0.10084033613445378,0.021505376344086023
CVD2_P01833,CVD2_P01833,P01833,PIGR,0.01680672268907563,0.043010752688172046
CVD2_P02760,CVD2_P02760,P02760,AMBP,0.08403361344537816,0.021505376344086023
CVD2_P04179,CVD2_P04179,P04179,SOD2,0.025210084033613446,0.0
CVD2_P04792,CVD2_P04792,P04792,HSPB1,0.025210084033613446,0.010752688172043012
CVD2_P05231,CVD2_P05231,P05231,IL6,0.16806722689075632,0.11827956989247312
CVD2_P06858,CVD2_P06858,P06858,LPL,0.0,0.0
CVD2_P07204,CVD2_P07204,P07204,THBD,0.025210084033613446,0.021505376344086023
CVD2_P07585,CVD2_P07585,P07585,DCN,0.03361344537815126,0.021505376344086023
CVD2_P07711,CVD2_P07711,P07711,CTSL,0.05042016806722689,0.03225806451612903
CVD2_P09237,CVD2_P09237,P09237,MMP7,0.058823529411764705,0.021505376344086023
CVD2_P09341,CVD2_P09341,P09341,CXCL1,0.01680672268907563,0.0
CVD2_P09601,CVD2_P09601,P09601,HMOX1,0.0,0.010752688172043012
CVD2_P09874,CVD2_P09874,P09874,PARP1,0.09243697478991597,0.043010752688172046
CVD2_P10147,CVD2_P10147,P10147,CCL3,0.12605042016806722,0.12903225806451613
CVD2_P12104,CVD2_P12104,P12104,FABP2,0.03361344537815126,0.03225806451612903
CVD2_P12931,CVD2_P12931,P12931,SRC,0.025210084033613446,0.010752688172043012
CVD2_P13726,CVD2_P13726,P13726,F3,0.04201680672268908,0.010752688172043012
CVD2_P16860,CVD2_P16860,P16860,NPPB,0.08403361344537816,0.07526881720430108
CVD2_P18510,CVD2_P18510,P18510,IL1RN,0.226890756302521,0.08602150537634409
CVD2_P19883,CVD2_P19883,P19883,FST,0.15126050420168066,0.010752688172043012
CVD2_P21583,CVD2_P21583,P21583,KITLG,0.0,0.0
CVD2_P21980,CVD2_P21980,P21980,TGM2,0.01680672268907563,0.0
CVD2_P22004,CVD2_P22004,P22004,BMP6,0.06722689075630252,0.021505376344086023
CVD2_P24394,CVD2_P24394,P24394,IL4R,0.08403361344537816,0.03225806451612903
CVD2_P25116,CVD2_P25116,P25116,F2R,0.008403361344537815,0.0
CVD2_P26022,CVD2_P26022,P26022,PTX3,0.008403361344537815,0.010752688172043012
CVD2_P27352,CVD2_P27352,P27352,GIF,0.06722689075630252,0.021505376344086023
CVD2_P29965,CVD2_P29965,P29965,CD40LG,0.01680672268907563,0.0
CVD2_P31994,CVD2_P31994,P31994,FCGR2B,0.0,0.0
CVD2_P31997,CVD2_P31997,P31997,CEACAM8,0.058823529411764705,0.053763440860215055
CVD2_P35218,CVD2_P35218,P35218,CA5A,0.16806722689075632,0.15053763440860216
CVD2_P35318,CVD2_P35318,P35318,ADM,0.03361344537815126,0.010752688172043012
CVD2_P35442,CVD2_P35442,P35442,THBS2,0.21008403361344538,0.07526881720430108
CVD2_P35475,CVD2_P35475,P35475,IDUA,0.025210084033613446,0.021505376344086023
CVD2_P39900,CVD2_P39900,P39900,MMP12,0.12605042016806722,0.043010752688172046
CVD2_P40225,CVD2_P40225,P40225,THPO,0.01680672268907563,0.021505376344086023
CVD2_P41159,CVD2_P41159,P41159,LEP,0.0,0.0
CVD2_P47992,CVD2_P47992,P47992,XCL1,0.07563025210084033,0.03225806451612903
CVD2_P49763,CVD2_P49763,P49763,PGF,0.07563025210084033,0.043010752688172046
CVD2_P51161,CVD2_P51161,P51161,FABP6,0.04201680672268908,0.03225806451612903
CVD2_P51888,CVD2_P51888,P51888,PRELP,0.08403361344537816,0.021505376344086023
CVD2_P78380,CVD2_P78380,P78380,OLR1,0.08403361344537816,0.021505376344086023
CVD2_Q02763,CVD2_Q02763,Q02763,TEK,0.07563025210084033,0.053763440860215055
CVD2_Q04760,CVD2_Q04760,Q04760,GLO1,0.05042016806722689,0.021505376344086023
CVD2_Q12866,CVD2_Q12866,Q12866,MERTK,0.05042016806722689,0.043010752688172046
CVD2_Q13043,CVD2_Q13043,Q13043,STK4,0.01680672268907563,0.010752688172043012
CVD2_Q13219,CVD2_Q13219,Q13219,PAPPA,0.05042016806722689,0.03225806451612903
CVD2_Q14005,CVD2_Q14005,Q14005,IL16,0.09243697478991597,0.053763440860215055
CVD2_Q14116,CVD2_Q14116,Q14116,IL18,0.04201680672268908,0.053763440860215055
CVD2_Q14242,CVD2_Q14242,Q14242,SELPLG,0.09243697478991597,0.07526881720430108
CVD2_Q15109,CVD2_Q15109,Q15109,AGER,0.0,0.010752688172043012
CVD2_Q15389,CVD2_Q15389,Q15389,ANGPT1,0.0,0.010752688172043012
CVD2_Q16651,CVD2_Q16651,Q16651,PRSS8,0.08403361344537816,0.043010752688172046
CVD2_Q16698,CVD2_Q16698,Q16698,DECR1,0.025210084033613446,0.0
CVD2_Q76LX8,CVD2_Q76LX8,Q76LX8,ADAMTS13,0.05042016806722689,0.0
CVD2_Q8IW75,CVD2_Q8IW75,Q8IW75,SERPINA12,0.12605042016806722,0.15053763440860216
CVD2_Q8IYS5,CVD2_Q8IYS5,Q8IYS5,OSCAR,0.008403361344537815,0.010752688172043012
"CVD2_Q8NEV9,Q14213","CVD2_Q8NEV9,Q14213","Q8NEV9,Q14213","IL27,EBI3",0.01680672268907563,0.021505376344086023
CVD2_Q8TAD2,CVD2_Q8TAD2,Q8TAD2,IL17D,0.01680672268907563,0.03225806451612903
CVD2_Q92583,CVD2_Q92583,Q92583,CCL17,0.025210084033613446,0.0
CVD2_Q96D42,CVD2_Q96D42,Q96D42,HAVCR1,0.21008403361344538,0.053763440860215055
CVD2_Q96IQ7,CVD2_Q96IQ7,Q96IQ7,VSIG2,0.09243697478991597,0.0967741935483871
CVD2_Q99075,CVD2_Q99075,Q99075,HBEGF,0.05042016806722689,0.010752688172043012
CVD2_Q99523,CVD2_Q99523,Q99523,SORT1,0.04201680672268908,0.03225806451612903
CVD2_Q99895,CVD2_Q99895,Q99895,CTRC,0.008403361344537815,0.0
CVD2_Q9BQ51,CVD2_Q9BQ51,Q9BQ51,PDCD1LG2,0.05042016806722689,0.06451612903225806
CVD2_Q9BQR3,CVD2_Q9BQR3,Q9BQR3,PRSS27,0.01680672268907563,0.010752688172043012
CVD2_Q9BUD6,CVD2_Q9BUD6,Q9BUD6,SPON2,0.058823529411764705,0.03225806451612903
CVD2_Q9BWV1,CVD2_Q9BWV1,Q9BWV1,BOC,0.03361344537815126,0.021505376344086023
CVD2_Q9BYF1,CVD2_Q9BYF1,Q9BYF1,ACE2,0.21008403361344538,0.13978494623655913
CVD2_Q9GZV9,CVD2_Q9GZV9,Q9GZV9,FGF23,0.14285714285714285,0.16129032258064516
CVD2_Q9HB29,CVD2_Q9HB29,Q9HB29,IL1RL2,0.03361344537815126,0.010752688172043012
CVD2_Q9NQ25,CVD2_Q9NQ25,Q9NQ25,SLAMF7,0.1092436974789916,0.053763440860215055
CVD2_Q9NSA1,CVD2_Q9NSA1,Q9NSA1,FGF21,0.11764705882352941,0.08602150537634409
CVD2_Q9UEW3,CVD2_Q9UEW3,Q9UEW3,MARCO,0.06722689075630252,0.021505376344086023
CVD2_Q9UIB8,CVD2_Q9UIB8,Q9UIB8,CD84,0.01680672268907563,0.010752688172043012
CVD2_Q9UJM8,CVD2_Q9UJM8,Q9UJM8,HAO1,0.2184873949579832,0.10752688172043011
CVD2_Q9UK05,CVD2_Q9UK05,Q9UK05,GDF2,0.04201680672268908,0.010752688172043012
CVD2_Q9UKP3,CVD2_Q9UKP3,Q9UKP3,ITGB1BP2,0.01680672268907563,0.010752688172043012
CVD2_Q9Y6K9,CVD2_Q9Y6K9,Q9Y6K9,IKBKG,0.008403361344537815,0.0
CVD2_Q9Y6Q6,CVD2_Q9Y6Q6,Q9Y6Q6,TNFRSF11A,0.15966386554621848,0.08602150537634409
CVD3_NT-proBNP,CVD3_NT-proBNP,NT-proBNP,NT-proBNP,0.04201680672268908,0.03225806451612903
CVD3_O00175,CVD3_O00175,O00175,CCL24,0.0,0.03225806451612903
CVD3_O00300,CVD3_O00300,O00300,TNFRSF11B,0.13445378151260504,0.06451612903225806
CVD3_O14798,CVD3_O14798,O14798,TNFRSF10C,0.0,0.010752688172043012
CVD3_O15467,CVD3_O15467,O15467,CCL16,0.008403361344537815,0.0967741935483871
CVD3_O75594,CVD3_O75594,O75594,PGLYRP1,0.008403361344537815,0.010752688172043012
CVD3_O95998,CVD3_O95998,O95998,IL18BP,0.07563025210084033,0.053763440860215055
CVD3_P00533,CVD3_P00533,P00533,EGFR,0.04201680672268908,0.010752688172043012
CVD3_P00749,CVD3_P00749,P00749,PLAU,0.01680672268907563,0.053763440860215055
CVD3_P00750,CVD3_P00750,P00750,PLAT,0.15126050420168066,0.1827956989247312
CVD3_P01130,CVD3_P01130,P01130,LDLR,0.09243697478991597,0.043010752688172046
CVD3_P01589,CVD3_P01589,P01589,IL2RA,0.04201680672268908,0.03225806451612903
CVD3_P02144,CVD3_P02144,P02144,MB,0.025210084033613446,0.06451612903225806
CVD3_P02452,CVD3_P02452,P02452,COL1A1,0.008403361344537815,0.0
CVD3_P02786,CVD3_P02786,P02786,TFRC,0.03361344537815126,0.010752688172043012
CVD3_P04080,CVD3_P04080,P04080,CSTB,0.04201680672268908,0.07526881720430108
CVD3_P04085,CVD3_P04085,P04085,PDGFA,0.01680672268907563,0.021505376344086023
CVD3_P04275,CVD3_P04275,P04275,VWF,0.05042016806722689,0.043010752688172046
CVD3_P05107,CVD3_P05107,P05107,ITGB2,0.10084033613445378,0.03225806451612903
CVD3_P05121,CVD3_P05121,P05121,SERPINE1,0.03361344537815126,0.03225806451612903
CVD3_P05164,CVD3_P05164,P05164,MPO,0.10084033613445378,0.053763440860215055
CVD3_P07339,CVD3_P07339,P07339,CTSD,0.24369747899159663,0.13978494623655913
CVD3_P08253,CVD3_P08253,P08253,MMP2,0.025210084033613446,0.0
CVD3_P08254,CVD3_P08254,P08254,MMP3,0.008403361344537815,0.010752688172043012
CVD3_P08833,CVD3_P08833,P08833,IGFBP1,0.04201680672268908,0.010752688172043012
CVD3_P08887,CVD3_P08887,P08887,IL6R,0.008403361344537815,0.0
CVD3_P10451,CVD3_P10451,P10451,SPP1,0.01680672268907563,0.0
CVD3_P10646,CVD3_P10646,P10646,TFPI,0.01680672268907563,0.043010752688172046
CVD3_P13500,CVD3_P13500,P13500,CCL2,0.04201680672268908,0.06451612903225806
CVD3_P13598,CVD3_P13598,P13598,ICAM2,0.025210084033613446,0.010752688172043012
CVD3_P13686,CVD3_P13686,P13686,ACP5,0.058823529411764705,0.043010752688172046
CVD3_P14778,CVD3_P14778,P14778,IL1R1,0.10084033613445378,0.021505376344086023
CVD3_P14780,CVD3_P14780,P14780,MMP9,0.09243697478991597,0.010752688172043012
CVD3_P15085,CVD3_P15085,P15085,CPA1,0.04201680672268908,0.021505376344086023
CVD3_P15086,CVD3_P15086,P15086,CPB1,0.025210084033613446,0.043010752688172046
CVD3_P15090,CVD3_P15090,P15090,FABP4,0.08403361344537816,0.06451612903225806
CVD3_P15144,CVD3_P15144,P15144,ANPEP,0.04201680672268908,0.021505376344086023
CVD3_P16109,CVD3_P16109,P16109,SELP,0.025210084033613446,0.010752688172043012
CVD3_P16284,CVD3_P16284,P16284,PECAM1,0.05042016806722689,0.06451612903225806
CVD3_P16422,CVD3_P16422,P16422,EPCAM,0.01680672268907563,0.010752688172043012
CVD3_P16581,CVD3_P16581,P16581,SELE,0.16806722689075632,0.08602150537634409
CVD3_P17931,CVD3_P17931,P17931,LGALS3,0.06722689075630252,0.053763440860215055
CVD3_P18065,CVD3_P18065,P18065,IGFBP2,0.0,0.010752688172043012
CVD3_P19438,CVD3_P19438,P19438,TNFRSF1A,0.13445378151260504,0.0967741935483871
CVD3_P19957,CVD3_P19957,P19957,PI3,0.09243697478991597,0.08602150537634409
CVD3_P20160,CVD3_P20160,P20160,AZU1,0.0,0.0
CVD3_P20333,CVD3_P20333,P20333,TNFRSF1B,0.1092436974789916,0.06451612903225806
CVD3_P24158,CVD3_P24158,P24158,PRTN3,0.10084033613445378,0.043010752688172046
CVD3_P25445,CVD3_P25445,P25445,FAS,0.04201680672268908,0.06451612903225806
CVD3_P27930,CVD3_P27930,P27930,IL1R2,0.10084033613445378,0.021505376344086023
CVD3_P28799,CVD3_P28799,P28799,GRN,0.06722689075630252,0.043010752688172046
CVD3_P30530,CVD3_P30530,P30530,AXL,0.03361344537815126,0.021505376344086023
CVD3_P33151,CVD3_P33151,P33151,CDH5,0.05042016806722689,0.03225806451612903
CVD3_P35247,CVD3_P35247,P35247,SFTPD,0.008403361344537815,0.010752688172043012
CVD3_P36222,CVD3_P36222,P36222,CHI3L1,0.17647058823529413,0.053763440860215055
CVD3_P36941,CVD3_P36941,P36941,LTBR,0.04201680672268908,0.043010752688172046
CVD3_P42574,CVD3_P42574,P42574,CASP3,0.025210084033613446,0.021505376344086023
CVD3_P54760,CVD3_P54760,P54760,EPHB4,0.058823529411764705,0.03225806451612903
CVD3_P56470,CVD3_P56470,P56470,LGALS4,0.18487394957983194,0.12903225806451613
CVD3_P78324,CVD3_P78324,P78324,SIRPA,0.01680672268907563,0.010752688172043012
CVD3_P80370,CVD3_P80370,P80370,DLK1,0.03361344537815126,0.03225806451612903
CVD3_P98160,CVD3_P98160,P98160,HSPG2,0.07563025210084033,0.03225806451612903
CVD3_Q01638,CVD3_Q01638,Q01638,IL1RL1,0.05042016806722689,0.010752688172043012
CVD3_Q03405,CVD3_Q03405,Q03405,PLAUR,0.08403361344537816,0.07526881720430108
CVD3_Q07654,CVD3_Q07654,Q07654,TFF3,0.06722689075630252,0.021505376344086023
CVD3_Q12860,CVD3_Q12860,Q12860,CNTN1,0.025210084033613446,0.0
CVD3_Q13231,CVD3_Q13231,Q13231,CHIT1,0.058823529411764705,0.021505376344086023
CVD3_Q13740,CVD3_Q13740,Q13740,ALCAM,0.06722689075630252,0.043010752688172046
CVD3_Q13867,CVD3_Q13867,Q13867,BLMH,0.025210084033613446,0.03225806451612903
CVD3_Q15166,CVD3_Q15166,Q15166,PON3,0.0,0.0
CVD3_Q16270,CVD3_Q16270,Q16270,IGFBP7,0.09243697478991597,0.053763440860215055
CVD3_Q16663,CVD3_Q16663,Q16663,CCL15,0.11764705882352941,0.10752688172043011
CVD3_Q5T2D2,CVD3_Q5T2D2,Q5T2D2,TREML2,0.01680672268907563,0.03225806451612903
CVD3_Q86VB7,CVD3_Q86VB7,Q86VB7,CD163,0.12605042016806722,0.03225806451612903
CVD3_Q8NBP7,CVD3_Q8NBP7,Q8NBP7,PCSK9,0.07563025210084033,0.03225806451612903
CVD3_Q92876,CVD3_Q92876,Q92876,KLK6,0.025210084033613446,0.021505376344086023
CVD3_Q92956,CVD3_Q92956,Q92956,TNFRSF14,0.07563025210084033,0.06451612903225806
CVD3_Q96F46,CVD3_Q96F46,Q96F46,IL17RA,0.03361344537815126,0.043010752688172046
CVD3_Q96PL1,CVD3_Q96PL1,Q96PL1,SCGB3A2,0.025210084033613446,0.010752688172043012
CVD3_Q99727,CVD3_Q99727,Q99727,TIMP4,0.05042016806722689,0.06451612903225806
CVD3_Q99969,CVD3_Q99969,Q99969,RARRES2,0.01680672268907563,0.053763440860215055
CVD3_Q99988,CVD3_Q99988,Q99988,GDF15,0.3025210084033613,0.15053763440860216
CVD3_Q9H2A7,CVD3_Q9H2A7,Q9H2A7,CXCL16,0.08403361344537816,0.10752688172043011
CVD3_Q9HCB6,CVD3_Q9HCB6,Q9HCB6,SPON1,0.058823529411764705,0.03225806451612903
CVD3_Q9HCN6,CVD3_Q9HCN6,Q9HCN6,GP6,0.0,0.0
CVD3_Q9HD89,CVD3_Q9HD89,Q9HD89,RETN,0.025210084033613446,0.021505376344086023
CVD3_Q9NPY3,CVD3_Q9NPY3,Q9NPY3,CD93,0.008403361344537815,0.021505376344086023
CVD3_Q9NQ76,CVD3_Q9NQ76,Q9NQ76,MEPE,0.0,0.010752688172043012
CVD3_Q9UBR2,CVD3_Q9UBR2,Q9UBR2,CTSZ,0.058823529411764705,0.06451612903225806
CVD3_Q9UM47,CVD3_Q9UM47,Q9UM47,NOTCH3,0.025210084033613446,0.021505376344086023
CVD3_Q9Y275,CVD3_Q9Y275,Q9Y275,TNFSF13B,0.025210084033613446,0.03225806451612903
CVD3_Q9Y624,CVD3_Q9Y624,Q9Y624,F11R,0.04201680672268908,0.03225806451612903
DEV_O00241,DEV_O00241,O00241,SIRPB1,0.0,0.0
DEV_O00339,DEV_O00339,O00339,MATN2,0.0,0.0
DEV_O00585,DEV_O00585,O00585,CCL21,0.0,0.0
DEV_O14773,DEV_O14773,O14773,TPP1,0.0,0.0
DEV_O43278,DEV_O43278,O43278,SPINT1,0.0,0.0
DEV_O43291,DEV_O43291,O43291,SPINT2,0.0,0.0
DEV_O43405,DEV_O43405,O43405,COCH,0.0,0.0
DEV_O43464,DEV_O43464,O43464,HTRA2,0.0,0.0
DEV_O43505,DEV_O43505,O43505,B3GNT1,0.0,0.0
DEV_O75326,DEV_O75326,O75326,SEMA7A,0.0,0.0
DEV_O95633,DEV_O95633,O95633,FSTL3,0.0,0.0
DEV_O95721,DEV_O95721,O95721,SNAP29,0.0,0.0
DEV_P00918,DEV_P00918,P00918,CA2,0.0,0.0
DEV_P00995,DEV_P00995,P00995,SPINK1,0.0,0.0
DEV_P01215,DEV_P01215,P01215,CGA,0.0,0.0
DEV_P04066,DEV_P04066,P04066,FUCA1,0.0,0.0
DEV_P04233,DEV_P04233,P04233,CD74,0.0,0.0
DEV_P05067,DEV_P05067,P05067,APP,0.0,0.0
DEV_P05556,DEV_P05556,P05556,ITGB1,0.0,0.0
DEV_P06734,DEV_P06734,P06734,FCER2,0.0,0.0
DEV_P07237,DEV_P07237,P07237,P4HB,0.0,0.0
DEV_P08118,DEV_P08118,P08118,MSMB,0.0,0.0
DEV_P08236,DEV_P08236,P08236,GUSB,0.0,0.0
DEV_P08648,DEV_P08648,P08648,ITGA5,0.0,0.0
DEV_P09619,DEV_P09619,P09619,PDGFRB,0.0,0.0
DEV_P10586,DEV_P10586,P10586,PTPRF,0.0,0.0
DEV_P11717,DEV_P11717,P11717,IGF2R,0.0,0.0
DEV_P14174,DEV_P14174,P14174,MIF,0.0,0.0
DEV_P15289,DEV_P15289,P15289,ARSA,0.0,0.0
DEV_P15291,DEV_P15291,P15291,B4GALT1,0.0,0.0
DEV_P16112,DEV_P16112,P16112,ACAN,0.0,0.0
DEV_P19256,DEV_P19256,P19256,CD58,0.0,0.0
DEV_P23280,DEV_P23280,P23280,CA6,0.0,0.0
DEV_P23284,DEV_P23284,P23284,PPIB,0.0,0.0
DEV_P24387,DEV_P24387,P24387,CRHBP,0.0,0.0
DEV_P29350,DEV_P29350,P29350,PTPN6,0.0,0.0
DEV_P30043,DEV_P30043,P30043,BLVRB,0.0,0.0
DEV_P30086,DEV_P30086,P30086,PEBP1,0.0,0.0
DEV_P31948,DEV_P31948,P31948,STIP1,0.0,0.0
DEV_P47712,DEV_P47712,P47712,PLA2G4A,0.0,0.0
DEV_P48745,DEV_P48745,P48745,NOV,0.0,0.0
DEV_P48960,DEV_P48960,P48960,CD97,0.0,0.0
DEV_P50895,DEV_P50895,P50895,BCAM,0.0,0.0
DEV_P55103,DEV_P55103,P55103,INHBC,0.0,0.0
DEV_P55808,DEV_P55808,P55808,XG,0.0,0.0
DEV_P63313,DEV_P63313,P63313,TMSB10,0.0,0.0
DEV_P78552,DEV_P78552,P78552,IL13RA1,0.0,0.0
DEV_Q02487,DEV_Q02487,Q02487,DSC2,0.0,0.0
DEV_Q07108,DEV_Q07108,Q07108,CD69,0.0,0.0
DEV_Q08431,DEV_Q08431,Q08431,MFGE8,0.0,0.0
DEV_Q10588,DEV_Q10588,Q10588,BST1,0.0,0.0
"DEV_Q11128,P21217","DEV_Q11128,P21217","Q11128,P21217","FUT5,FUT3",0.0,0.0
DEV_Q14112,DEV_Q14112,Q14112,NID2,0.0,0.0
DEV_Q14118,DEV_Q14118,Q14118,DAG1,0.0,0.0
DEV_Q14162,DEV_Q14162,Q14162,SCARF1,0.0,0.0
DEV_Q14696,DEV_Q14696,Q14696,MESDC2,0.0,0.0
DEV_Q15828,DEV_Q15828,Q15828,CST6,0.0,0.0
DEV_Q16363,DEV_Q16363,Q16363,LAMA4,0.0,0.0
DEV_Q4KMG0,DEV_Q4KMG0,Q4KMG0,CDON,0.0,0.0
DEV_Q5KU26,DEV_Q5KU26,Q5KU26,COLEC12,0.0,0.0
DEV_Q5VY43,DEV_Q5VY43,Q5VY43,PEAR1,0.0,0.0
DEV_Q6GTX8,DEV_Q6GTX8,Q6GTX8,LAIR1,0.0,0.0
DEV_Q6UXG3,DEV_Q6UXG3,Q6UXG3,CD300LG,0.0,0.0
DEV_Q6UXH1,DEV_Q6UXH1,Q6UXH1,CRELD2,0.0,0.0
DEV_Q6UXH9,DEV_Q6UXH9,Q6UXH9,PAMR1,0.0,0.0
DEV_Q6YHK3,DEV_Q6YHK3,Q6YHK3,CD109,0.0,0.0
DEV_Q86T13,DEV_Q86T13,Q86T13,CLEC14A,0.0,0.0
DEV_Q8IWV2,DEV_Q8IWV2,Q8IWV2,CNTN4,0.0,0.0
DEV_Q8N6Q3,DEV_Q8N6Q3,Q8N6Q3,CD177,0.0,0.0
DEV_Q8TCZ2,DEV_Q8TCZ2,Q8TCZ2,CD99L2,0.0,0.0
DEV_Q8TDQ0,DEV_Q8TDQ0,Q8TDQ0,HAVCR2,0.0,0.0
DEV_Q8TEU8,DEV_Q8TEU8,Q8TEU8,WFIKKN2,0.0,0.0
DEV_Q969Z4,DEV_Q969Z4,Q969Z4,RELT,0.0,0.0
DEV_Q96AP7,DEV_Q96AP7,Q96AP7,ESAM,0.0,0.0
DEV_Q96QR1,DEV_Q96QR1,Q96QR1,SCGB3A1,0.0,0.0
DEV_Q96RD9,DEV_Q96RD9,Q96RD9,FCRL5,0.0,0.0
DEV_Q99497,DEV_Q99497,Q99497,PARK7,0.0,0.0
DEV_Q99538,DEV_Q99538,Q99538,LGMN,0.0,0.0
DEV_Q99972,DEV_Q99972,Q99972,MYOC,0.0,0.0
DEV_Q99983,DEV_Q99983,Q99983,OMD,0.0,0.0
DEV_Q9BY76,DEV_Q9BY76,Q9BY76,ANGPTL4,0.0,0.0
DEV_Q9NNX6,DEV_Q9NNX6,Q9NNX6,CD209,0.0,0.0
DEV_Q9NQ38,DEV_Q9NQ38,Q9NQ38,SPINK5,0.0,0.0
DEV_Q9NZV1,DEV_Q9NZV1,Q9NZV1,CRIM1,0.0,0.0
DEV_Q9UBP4,DEV_Q9UBP4,Q9UBP4,DKK3,0.0,0.0
DEV_Q9UBX1,DEV_Q9UBX1,Q9UBX1,CTSF,0.0,0.0
DEV_Q9UKJ1,DEV_Q9UKJ1,Q9UKJ1,PILRA,0.0,0.0
DEV_Q9UKK9,DEV_Q9UKK9,Q9UKK9,NUDT5,0.0,0.0
DEV_Q9Y240,DEV_Q9Y240,Q9Y240,CLEC11A,0.0,0.0
DEV_Q9Y279,DEV_Q9Y279,Q9Y279,VSIG4,0.0,0.0
DEV_Q9Y6N7,DEV_Q9Y6N7,Q9Y6N7,ROBO1,0.0,0.0
INF_O00300,INF_O00300,O00300,TNFRSF11B,0.18487394957983194,0.07526881720430108
INF_O14625,INF_O14625,O14625,CXCL11,0.025210084033613446,0.021505376344086023
INF_O14788,INF_O14788,O14788,TNFSF11,0.0,0.0
INF_O15169,INF_O15169,O15169,AXIN1,0.025210084033613446,0.0
INF_O15444,INF_O15444,O15444,CCL25,0.04201680672268908,0.021505376344086023
INF_O43508,INF_O43508,O43508,TNFSF12,0.0,0.0
INF_O43557,INF_O43557,O43557,TNFSF14,0.058823529411764705,0.03225806451612903
INF_O95630,INF_O95630,O95630,STAMBP,0.01680672268907563,0.0
INF_O95750,INF_O95750,O95750,FGF19,0.03361344537815126,0.021505376344086023
INF_O95760,INF_O95760,O95760,IL33,0.04201680672268908,0.03225806451612903
INF_P00749,INF_P00749,P00749,PLAU,0.025210084033613446,0.010752688172043012
INF_P00813,INF_P00813,P00813,ADA,0.058823529411764705,0.053763440860215055
INF_P01135,INF_P01135,P01135,TGFA,0.1092436974789916,0.06451612903225806
INF_P01137,INF_P01137,P01137,TGFB1,0.03361344537815126,0.043010752688172046
INF_P01138,INF_P01138,P01138,NGF,0.07563025210084033,0.03225806451612903
INF_P01374,INF_P01374,P01374,LTA,0.008403361344537815,0.0
INF_P01375,INF_P01375,P01375,TNF,0.058823529411764705,0.03225806451612903
INF_P01579,INF_P01579,P01579,IFNG,0.01680672268907563,0.0
INF_P01583,INF_P01583,P01583,IL1A,0.025210084033613446,0.08602150537634409
INF_P01732,INF_P01732,P01732,CD8A,0.0,0.0
INF_P02778,INF_P02778,P02778,CXCL10,0.03361344537815126,0.06451612903225806
INF_P03956,INF_P03956,P03956,MMP1,0.0,0.0
INF_P05112,INF_P05112,P05112,IL4,0.09243697478991597,0.07526881720430108
INF_P05113,INF_P05113,P05113,IL5,0.12605042016806722,0.13978494623655913
INF_P05231,INF_P05231,P05231,IL6,0.15966386554621848,0.11827956989247312
INF_P06127,INF_P06127,P06127,CD5,0.07563025210084033,0.03225806451612903
INF_P09238,INF_P09238,P09238,MMP10,0.06722689075630252,0.021505376344086023
INF_P09341,INF_P09341,P09341,CXCL1,0.01680672268907563,0.010752688172043012
INF_P09603,INF_P09603,P09603,CSF1,0.05042016806722689,0.053763440860215055
INF_P10145,INF_P10145,P10145,IL8,0.09243697478991597,0.021505376344086023
INF_P10147,INF_P10147,P10147,CCL3,0.13445378151260504,0.08602150537634409
INF_P13232,INF_P13232,P13232,IL7,0.03361344537815126,0.03225806451612903
INF_P13236,INF_P13236,P13236,CCL4,0.058823529411764705,0.07526881720430108
INF_P13500,INF_P13500,P13500,CCL2,0.03361344537815126,0.053763440860215055
INF_P13725,INF_P13725,P13725,OSM,0.13445378151260504,0.043010752688172046
INF_P14210,INF_P14210,P14210,HGF,0.14285714285714285,0.07526881720430108
INF_P14784,INF_P14784,P14784,IL2RB,0.03361344537815126,0.053763440860215055
INF_P15018,INF_P15018,P15018,LIF,0.14285714285714285,0.1827956989247312
INF_P15692,INF_P15692,P15692,VEGFA,0.10084033613445378,0.07526881720430108
INF_P20783,INF_P20783,P20783,NTF3,0.04201680672268908,0.06451612903225806
INF_P21583,INF_P21583,P21583,KITLG,0.0,0.0
INF_P22301,INF_P22301,P22301,IL10,0.058823529411764705,0.03225806451612903
INF_P25942,INF_P25942,P25942,CD40,0.07563025210084033,0.010752688172043012
INF_P28325,INF_P28325,P28325,CST5,0.058823529411764705,0.06451612903225806
INF_P29460,INF_P29460,P29460,IL12B,0.01680672268907563,0.010752688172043012
INF_P35225,INF_P35225,P35225,IL13,0.03361344537815126,0.043010752688172046
INF_P39905,INF_P39905,P39905,GDNF,0.07563025210084033,0.06451612903225806
INF_P42702,INF_P42702,P42702,LIFR,0.1092436974789916,0.021505376344086023
INF_P42830,INF_P42830,P42830,CXCL5,0.0,0.0
INF_P49771,INF_P49771,P49771,FLT3LG,0.01680672268907563,0.0
INF_P50225,INF_P50225,P50225,SULT1A1,0.025210084033613446,0.0
INF_P50591,INF_P50591,P50591,TNFSF10,0.008403361344537815,0.021505376344086023
INF_P51671,INF_P51671,P51671,CCL11,0.05042016806722689,0.021505376344086023
INF_P55773,INF_P55773,P55773,CCL23,0.0,0.010752688172043012
INF_P60568,INF_P60568,P60568,IL2,0.01680672268907563,0.010752688172043012
INF_P78423,INF_P78423,P78423,CX3CL1,0.03361344537815126,0.0
INF_P78556,INF_P78556,P78556,CCL20,0.21008403361344538,0.13978494623655913
INF_P80075,INF_P80075,P80075,CCL8,0.025210084033613446,0.03225806451612903
INF_P80098,INF_P80098,P80098,CCL7,0.08403361344537816,0.07526881720430108
INF_P80162,INF_P80162,P80162,CXCL6,0.008403361344537815,0.010752688172043012
INF_P80511,INF_P80511,P80511,S100A12,0.06722689075630252,0.053763440860215055
INF_Q07011,INF_Q07011,Q07011,TNFRSF9,0.058823529411764705,0.010752688172043012
INF_Q07325,INF_Q07325,Q07325,CXCL9,0.05042016806722689,0.043010752688172046
INF_Q08334,INF_Q08334,Q08334,IL10RB,0.05042016806722689,0.053763440860215055
INF_Q13007,INF_Q13007,Q13007,IL24,0.04201680672268908,0.021505376344086023
INF_Q13261,INF_Q13261,Q13261,IL15RA,0.06722689075630252,0.021505376344086023
INF_Q13291,INF_Q13291,Q13291,SLAMF1,0.17647058823529413,0.021505376344086023
INF_Q13478,INF_Q13478,Q13478,IL18R1,0.17647058823529413,0.043010752688172046
INF_Q13541,INF_Q13541,Q13541,EIF4EBP1,0.008403361344537815,0.0
INF_Q13651,INF_Q13651,Q13651,IL10RA,0.10084033613445378,0.08602150537634409
INF_Q14116,INF_Q14116,Q14116,IL18,0.025210084033613446,0.06451612903225806
INF_Q14790,INF_Q14790,Q14790,CASP8,0.01680672268907563,0.010752688172043012
INF_Q16552,INF_Q16552,Q16552,IL17A,0.06722689075630252,0.053763440860215055
INF_Q5T4W7,INF_Q5T4W7,Q5T4W7,ARTN,0.10084033613445378,0.043010752688172046
INF_Q8IXJ6,INF_Q8IXJ6,Q8IXJ6,SIRT2,0.008403361344537815,0.0
INF_Q8N6P7,INF_Q8N6P7,Q8N6P7,IL22RA1,0.01680672268907563,0.010752688172043012
INF_Q8NF90,INF_Q8NF90,Q8NF90,FGF5,0.04201680672268908,0.021505376344086023
INF_Q8NFT8,INF_Q8NFT8,Q8NFT8,DNER,0.0,0.0
INF_Q8WWJ7,INF_Q8WWJ7,Q8WWJ7,CD6,0.025210084033613446,0.0
INF_Q969D9,INF_Q969D9,Q969D9,TSLP,0.07563025210084033,0.053763440860215055
INF_Q99616,INF_Q99616,Q99616,CCL13,0.01680672268907563,0.021505376344086023
INF_Q99731,INF_Q99731,Q99731,CCL19,0.09243697478991597,0.07526881720430108
INF_Q99748,INF_Q99748,Q99748,NRTN,0.05042016806722689,0.03225806451612903
INF_Q9BZW8,INF_Q9BZW8,Q9BZW8,CD244,0.07563025210084033,0.03225806451612903
INF_Q9GZV9,INF_Q9GZV9,Q9GZV9,FGF23,0.11764705882352941,0.12903225806451613
INF_Q9H5V8,INF_Q9H5V8,Q9H5V8,CDCP1,0.19327731092436976,0.12903225806451613
INF_Q9NRJ3,INF_Q9NRJ3,Q9NRJ3,CCL28,0.04201680672268908,0.053763440860215055
INF_Q9NSA1,INF_Q9NSA1,Q9NSA1,FGF21,0.13445378151260504,0.0967741935483871
INF_Q9NYY1,INF_Q9NYY1,Q9NYY1,IL20,0.06722689075630252,0.06451612903225806
INF_Q9NZQ7,INF_Q9NZQ7,Q9NZQ7,CD274,0.09243697478991597,0.043010752688172046
INF_Q9P0M4,INF_Q9P0M4,Q9P0M4,IL17C,0.07563025210084033,0.043010752688172046
INF_Q9UHF4,INF_Q9UHF4,Q9UHF4,IL20RA,0.09243697478991597,0.053763440860215055
IRE_O00273,IRE_O00273,O00273,DFFA,0.0,0.0
IRE_O14867,IRE_O14867,O14867,BACH1,0.0,0.0
IRE_O43597,IRE_O43597,O43597,SPRY2,0.0,0.0
IRE_O43736,IRE_O43736,O43736,ITM2A,0.0,0.0
IRE_O60449,IRE_O60449,O60449,LY75,0.0,0.0
IRE_O60880,IRE_O60880,O60880,SH2D1A,0.0,0.0
IRE_O75475,IRE_O75475,O75475,PSIP1,0.0,0.0
IRE_O76036,IRE_O76036,O76036,NCR1,0.0,0.0
IRE_O94992,IRE_O94992,O94992,HEXIM1,0.0,0.0
IRE_O95786,IRE_O95786,O95786,DDX58,0.0,0.0
IRE_P05113,IRE_P05113,P05113,IL5,0.0,0.0
IRE_P05231,IRE_P05231,P05231,IL6,0.0,0.0
IRE_P05412,IRE_P05412,P05412,JUN,0.0,0.0
IRE_P08727,IRE_P08727,P08727,KRT19,0.0,0.0
IRE_P09038,IRE_P09038,P09038,FGF2,0.0,0.0
IRE_P10747,IRE_P10747,P10747,CD28,0.0,0.0
IRE_P14317,IRE_P14317,P14317,HCLS1,0.0,0.0
IRE_P15514,IRE_P15514,P15514,"AREG,AREGB",0.0,0.0
IRE_P16278,IRE_P16278,P16278,GLB1,0.0,0.0
IRE_P16455,IRE_P16455,P16455,MGMT,0.0,0.0
IRE_P18564,IRE_P18564,P18564,ITGB6,0.0,0.0
IRE_P18627,IRE_P18627,P18627,LAG3,0.0,0.0
IRE_P19474,IRE_P19474,P19474,TRIM21,0.0,0.0
IRE_P22301,IRE_P22301,P22301,IL10,0.0,0.0
IRE_P23229,IRE_P23229,P23229,ITGA6,0.0,0.0
IRE_P27540,IRE_P27540,P27540,ARNT,0.0,0.0
IRE_P28845,IRE_P28845,P28845,HSD11B1,0.0,0.0
IRE_P30044,IRE_P30044,P30044,PRDX5,0.0,0.0
IRE_P30048,IRE_P30048,P30048,PRDX3,0.0,0.0
IRE_P34130,IRE_P34130,P34130,NTF4,0.0,0.0
IRE_P35240,IRE_P35240,P35240,NF2,0.0,0.0
IRE_P42701,IRE_P42701,P42701,IL12RB1,0.0,0.0
IRE_P48061,IRE_P48061,P48061,CXCL12,0.0,0.0
IRE_P48740,IRE_P48740,P48740,MASP1,0.0,0.0
IRE_P50135,IRE_P50135,P50135,HNMT,0.0,0.0
IRE_P51617,IRE_P51617,P51617,IRAK1,0.0,0.0
IRE_P51671,IRE_P51671,P51671,CCL11,0.0,0.0
IRE_P52294,IRE_P52294,P52294,KPNA1,0.0,0.0
IRE_P52823,IRE_P52823,P52823,STC1,0.0,0.0
IRE_P58499,IRE_P58499,P58499,FAM3B,0.0,0.0
IRE_P63241,IRE_P63241,P63241,EIF5A,0.0,0.0
IRE_P78310,IRE_P78310,P78310,CXADR,0.0,0.0
IRE_P78362,IRE_P78362,P78362,SRPK2,0.0,0.0
IRE_P78410,IRE_P78410,P78410,BTN3A2,0.0,0.0
IRE_Q00978,IRE_Q00978,Q00978,IRF9,0.0,0.0
IRE_Q01151,IRE_Q01151,Q01151,CD83,0.0,0.0
IRE_Q03431,IRE_Q03431,Q03431,PTH1R,0.0,0.0
IRE_Q04637,IRE_Q04637,Q04637,EIF4G1,0.0,0.0
IRE_Q04759,IRE_Q04759,Q04759,PRKCQ,0.0,0.0
IRE_Q05084,IRE_Q05084,Q05084,ICA1,0.0,0.0
IRE_Q05516,IRE_Q05516,Q05516,ZBTB16,0.0,0.0
IRE_Q06830,IRE_Q06830,Q06830,PRDX1,0.0,0.0
IRE_Q07065,IRE_Q07065,Q07065,CKAP4,0.0,0.0
IRE_Q12933,IRE_Q12933,Q12933,TRAF2,0.0,0.0
IRE_Q12968,IRE_Q12968,Q12968,NFATC3,0.0,0.0
IRE_Q13241,IRE_Q13241,Q13241,KLRD1,0.0,0.0
IRE_Q13490,IRE_Q13490,Q13490,BIRC2,0.0,0.0
IRE_Q13574,IRE_Q13574,Q13574,DGKZ,0.0,0.0
IRE_Q14203,IRE_Q14203,Q14203,DCTN1,0.0,0.0
IRE_Q14435,IRE_Q14435,Q14435,GALNT3,0.0,0.0
IRE_Q15517,IRE_Q15517,Q15517,CDSN,0.0,0.0
IRE_Q15661,IRE_Q15661,Q15661,TPSAB1,0.0,0.0
IRE_Q6DN72,IRE_Q6DN72,Q6DN72,FCRL6,0.0,0.0
IRE_Q6EIG7,IRE_Q6EIG7,Q6EIG7,CLEC6A,0.0,0.0
IRE_Q6UXB4,IRE_Q6UXB4,Q6UXB4,CLEC4G,0.0,0.0
IRE_Q6ZUJ8,IRE_Q6ZUJ8,Q6ZUJ8,PIK3AP1,0.0,0.0
IRE_Q7Z6M3,IRE_Q7Z6M3,Q7Z6M3,MILR1,0.0,0.0
IRE_Q8IU57,IRE_Q8IU57,Q8IU57,IFNLR1,0.0,0.0
IRE_Q8N608,IRE_Q8N608,Q8N608,DPP10,0.0,0.0
IRE_Q8NHJ6,IRE_Q8NHJ6,Q8NHJ6,LILRB4,0.0,0.0
IRE_Q8WTT0,IRE_Q8WTT0,Q8WTT0,CLEC4C,0.0,0.0
IRE_Q8WXI8,IRE_Q8WXI8,Q8WXI8,CLEC4D,0.0,0.0
IRE_Q92844,IRE_Q92844,Q92844,TANK,0.0,0.0
IRE_Q96DB9,IRE_Q96DB9,Q96DB9,FXYD5,0.0,0.0
IRE_Q96P31,IRE_Q96P31,Q96P31,FCRL3,0.0,0.0
IRE_Q96PD2,IRE_Q96PD2,Q96PD2,DCBLD2,0.0,0.0
IRE_Q96SB3,IRE_Q96SB3,Q96SB3,PPP1R9B,0.0,0.0
IRE_Q9BXN2,IRE_Q9BXN2,Q9BXN2,CLEC7A,0.0,0.0
IRE_Q9C035,IRE_Q9C035,Q9C035,TRIM5,0.0,0.0
IRE_Q9GZT9,IRE_Q9GZT9,Q9GZT9,EGLN1,0.0,0.0
IRE_Q9HCM2,IRE_Q9HCM2,Q9HCM2,PLXNA4,0.0,0.0
IRE_Q9NP99,IRE_Q9NP99,Q9NP99,TREM1,0.0,0.0
IRE_Q9NWZ3,IRE_Q9NWZ3,Q9NWZ3,IRAK4,0.0,0.0
IRE_Q9UHC6,IRE_Q9UHC6,Q9UHC6,CNTNAP2,0.0,0.0
IRE_Q9UKX5,IRE_Q9UKX5,Q9UKX5,ITGA11,0.0,0.0
IRE_Q9UMR7,IRE_Q9UMR7,Q9UMR7,CLEC4A,0.0,0.0
IRE_Q9UN19,IRE_Q9UN19,Q9UN19,DAPP1,0.0,0.0
IRE_Q9UNE0,IRE_Q9UNE0,Q9UNE0,EDAR,0.0,0.0
IRE_Q9UQQ2,IRE_Q9UQQ2,Q9UQQ2,SH2B3,0.0,0.0
IRE_Q9UQV4,IRE_Q9UQV4,Q9UQV4,LAMP3,0.0,0.0
IRE_Q9Y2J8,IRE_Q9Y2J8,Q9Y2J8,PADI2,0.0,0.0
IRE_Q9Y3P8,IRE_Q9Y3P8,Q9Y3P8,SIT1,0.0,0.0
MET_A6NI73,MET_A6NI73,A6NI73,LILRA5,0.0,0.0
MET_NT-proBNP,MET_NT-proBNP,NT-proBNP,NT-proBNP,0.0,0.0
MET_O00161,MET_O00161,O00161,SNAP23,0.0,0.0
MET_O15123,MET_O15123,O15123,ANGPT2,0.0,0.0
MET_O43240,MET_O43240,O43240,KLK10,0.0,0.0
MET_O43827,MET_O43827,O43827,ANGPTL7,0.0,0.0
MET_O75356,MET_O75356,O75356,ENTPD5,0.0,0.0
MET_O75791,MET_O75791,O75791,GRAP2,0.0,0.0
MET_O95502,MET_O95502,O95502,NPTXR,0.0,0.0
MET_O95544,MET_O95544,O95544,NADK,0.0,0.0
MET_O95841,MET_O95841,O95841,ANGPTL1,0.0,0.0
MET_P00352,MET_P00352,P00352,ALDH1A1,0.0,0.0
MET_P01222,MET_P01222,P01222,TSHB,0.0,0.0
MET_P05089,MET_P05089,P05089,ARG1,0.0,0.0
MET_P09104,MET_P09104,P09104,ENO2,0.0,0.0
MET_P09417,MET_P09417,P09417,QDPR,0.0,0.0
MET_P09467,MET_P09467,P09467,FBP1,0.0,0.0
MET_P09525,MET_P09525,P09525,ANXA4,0.0,0.0
MET_P09668,MET_P09668,P09668,CTSH,0.0,0.0
MET_P12724,MET_P12724,P12724,RNASE3,0.0,0.0
MET_P13611,MET_P13611,P13611,VCAN,0.0,0.0
MET_P16083,MET_P16083,P16083,NQO2,0.0,0.0
MET_P19022,MET_P19022,P19022,CDH2,0.0,0.0
MET_P19971,MET_P19971,P19971,TYMP,0.0,0.0
MET_P20711,MET_P20711,P20711,DDC,0.0,0.0
MET_P21964,MET_P21964,P21964,COMT,0.0,0.0
MET_P22466,MET_P22466,P22466,GAL,0.0,0.0
MET_P23526,MET_P23526,P23526,AHCY,0.0,0.0
MET_P25815,MET_P25815,P25815,S100P,0.0,0.0
MET_P26010,MET_P26010,P26010,ITGB7,0.0,0.0
MET_P27695,MET_P27695,P27695,APEX1,0.0,0.0
MET_P29017,MET_P29017,P29017,CD1C,0.0,0.0
MET_P31431,MET_P31431,P31431,SDC4,0.0,0.0
MET_P35237,MET_P35237,P35237,SERPINB6,0.0,0.0
MET_P35754,MET_P35754,P35754,GLRX,0.0,0.0
MET_P40259,MET_P40259,P40259,CD79B,0.0,0.0
MET_P40818,MET_P40818,P40818,USP8,0.0,0.0
MET_P41236,MET_P41236,P41236,PPP1R2,0.0,0.0
MET_P43234,MET_P43234,P43234,CTSO,0.0,0.0
MET_P46109,MET_P46109,P46109,CRKL,0.0,0.0
MET_P46379,MET_P46379,P46379,BAG6,0.0,0.0
MET_P50452,MET_P50452,P50452,SERPINB8,0.0,0.0
MET_P50995,MET_P50995,P50995,ANXA11,0.0,0.0
MET_P51693,MET_P51693,P51693,APLP1,0.0,0.0
MET_P51858,MET_P51858,P51858,HDGF,0.0,0.0
MET_P52888,MET_P52888,P52888,THOP1,0.0,0.0
MET_P98082,MET_P98082,P98082,DAB2,0.0,0.0
MET_Q01973,MET_Q01973,Q01973,ROR1,0.0,0.0
MET_Q02790,MET_Q02790,Q02790,FKBP4,0.0,0.0
MET_Q03403,MET_Q03403,Q03403,TFF2,0.0,0.0
MET_Q04900,MET_Q04900,Q04900,CD164,0.0,0.0
MET_Q06418,MET_Q06418,Q06418,TYRO3,0.0,0.0
MET_Q13275,MET_Q13275,Q13275,SEMA3F,0.0,0.0
MET_Q15155,MET_Q15155,Q15155,NOMO1,0.0,0.0
MET_Q15846,MET_Q15846,Q15846,CLUL1,0.0,0.0
MET_Q16773,MET_Q16773,Q16773,CCBL1,0.0,0.0
MET_Q16820,MET_Q16820,Q16820,MEP1B,0.0,0.0
MET_Q641Q3,MET_Q641Q3,Q641Q3,METRNL,0.0,0.0
MET_Q6UWV6,MET_Q6UWV6,Q6UWV6,ENPP7,0.0,0.0
MET_Q6WN34,MET_Q6WN34,Q6WN34,CHRDL2,0.0,0.0
MET_Q76M96,MET_Q76M96,Q76M96,CCDC80,0.0,0.0
MET_Q86VZ4,MET_Q86VZ4,Q86VZ4,LRP11,0.0,0.0
MET_Q8IZP9,MET_Q8IZP9,Q8IZP9,GPR64,0.0,0.0
MET_Q8N1Q1,MET_Q8N1Q1,Q8N1Q1,CA13,0.0,0.0
MET_Q8NBJ7,MET_Q8NBJ7,Q8NBJ7,SUMF2,0.0,0.0
MET_Q8NBS9,MET_Q8NBS9,Q8NBS9,TXNDC5,0.0,0.0
MET_Q8NI22,MET_Q8NI22,Q8NI22,MCFD2,0.0,0.0
MET_Q8WTU2,MET_Q8WTU2,Q8WTU2,SRCRB4D,0.0,0.0
MET_Q8WVQ1,MET_Q8WVQ1,Q8WVQ1,CANT1,0.0,0.0
MET_Q8WX77,MET_Q8WX77,Q8WX77,IGFBPL1,0.0,0.0
MET_Q92520,MET_Q92520,Q92520,FAM3C,0.0,0.0
MET_Q92692,MET_Q92692,Q92692,PVRL2,0.0,0.0
MET_Q96JA1,MET_Q96JA1,Q96JA1,LRIG1,0.0,0.0
MET_Q96LA6,MET_Q96LA6,Q96LA6,FCRL1,0.0,0.0
MET_Q9BQB4,MET_Q9BQB4,Q9BQB4,SOST,0.0,0.0
MET_Q9BYZ8,MET_Q9BYZ8,Q9BYZ8,REG4,0.0,0.0
MET_Q9BZR6,MET_Q9BZR6,Q9BZR6,RTN4R,0.0,0.0
MET_Q9GZM7,MET_Q9GZM7,Q9GZM7,TINAGL1,0.0,0.0
MET_Q9H4D0,MET_Q9H4D0,Q9H4D0,CLSTN2,0.0,0.0
MET_Q9H6B4,MET_Q9H6B4,Q9H6B4,CLMP,0.0,0.0
MET_Q9HBB8,MET_Q9HBB8,Q9HBB8,CDHR5,0.0,0.0
MET_Q9NPH0,MET_Q9NPH0,Q9NPH0,ACP6,0.0,0.0
MET_Q9NQX5,MET_Q9NQX5,Q9NQX5,NPDC1,0.0,0.0
MET_Q9NR28,MET_Q9NR28,Q9NR28,DIABLO,0.0,0.0
MET_Q9NWQ8,MET_Q9NWQ8,Q9NWQ8,PAG1,0.0,0.0
MET_Q9NY25,MET_Q9NY25,Q9NY25,CLEC5A,0.0,0.0
MET_Q9UBU3,MET_Q9UBU3,Q9UBU3,GHRL,0.0,0.0
MET_Q9UHL4,MET_Q9UHL4,Q9UHL4,DPP7,0.0,0.0
MET_Q9UHX3,MET_Q9UHX3,Q9UHX3,EMR2,0.0,0.0
MET_Q9UKJ0,MET_Q9UKJ0,Q9UKJ0,PILRB,0.0,0.0
MET_Q9Y286,MET_Q9Y286,Q9Y286,SIGLEC7,0.0,0.0
MET_Q9Y5K6,MET_Q9Y5K6,Q9Y5K6,CD2AP,0.0,0.0
NEU1_O00214,NEU1_O00214,O00214,LGALS8,0.0,0.0
NEU1_O14594,NEU1_O14594,O14594,NCAN,0.0,0.0
NEU1_O14793,NEU1_O14793,O14793,MSTN,0.0,0.0
NEU1_O15197,NEU1_O15197,O15197,EPHB6,0.0,0.0
NEU1_O15232,NEU1_O15232,O15232,MATN3,0.0,0.0
NEU1_O43155,NEU1_O43155,O43155,FLRT2,0.0,0.0
NEU1_O43157,NEU1_O43157,O43157,PLXNB1,0.0,0.0
NEU1_O43561,NEU1_O43561,O43561,LAT,0.0,0.0
NEU1_O60462,NEU1_O60462,O60462,NRP2,0.0,0.0
NEU1_O60609,NEU1_O60609,O60609,GFRA3,0.0,0.0
NEU1_O75077,NEU1_O75077,O75077,ADAM23,0.0,0.0
NEU1_O75509,NEU1_O75509,O75509,TNFRSF21,0.0,0.0
NEU1_O94779,NEU1_O94779,O94779,CNTN5,0.0,0.0
NEU1_O95185,NEU1_O95185,O95185,UNC5C,0.0,0.0
NEU1_O95727,NEU1_O95727,O95727,CRTAM,0.0,0.0
NEU1_P01138,NEU1_P01138,P01138,NGF,0.0,0.0
NEU1_P04216,NEU1_P04216,P04216,THY1,0.0,0.0
NEU1_P08473,NEU1_P08473,P08473,MME,0.0,0.0
NEU1_P09919,NEU1_P09919,P09919,CSF3,0.0,0.0
NEU1_P10636,NEU1_P10636,P10636,MAPT,0.0,0.0
NEU1_P12544,NEU1_P12544,P12544,GZMA,0.0,0.0
NEU1_P12644,NEU1_P12644,P12644,BMP4,0.0,0.0
NEU1_P14384,NEU1_P14384,P14384,CPM,0.0,0.0
NEU1_P15151,NEU1_P15151,P15151,PVR,0.0,0.0
NEU1_P15311,NEU1_P15311,P15311,EZR,0.0,0.0
NEU1_P15509,NEU1_P15509,P15509,CSF2RA,0.0,0.0
NEU1_P16234,NEU1_P16234,P16234,PDGFRA,0.0,0.0
NEU1_P17405,NEU1_P17405,P17405,SMPD1,0.0,0.0
NEU1_P21757,NEU1_P21757,P21757,MSR1,0.0,0.0
NEU1_P22223,NEU1_P22223,P22223,CDH3,0.0,0.0
NEU1_P25774,NEU1_P25774,P25774,CTSS,0.0,0.0
NEU1_P28907,NEU1_P28907,P28907,CD38,0.0,0.0
"NEU1_P29460,P29459","NEU1_P29460,P29459","P29460,P29459","IL12B,IL12A",0.0,0.0
NEU1_P30533,NEU1_P30533,P30533,LRPAP1,0.0,0.0
NEU1_P37023,NEU1_P37023,P37023,ACVRL1,0.0,0.0
NEU1_P39905,NEU1_P39905,P39905,GDNF,0.0,0.0
NEU1_P41217,NEU1_P41217,P41217,CD200,0.0,0.0
NEU1_P41271,NEU1_P41271,P41271,NBL1,0.0,0.0
NEU1_P48052,NEU1_P48052,P48052,CPA2,0.0,0.0
NEU1_P52798,NEU1_P52798,P52798,EFNA4,0.0,0.0
NEU1_P53634,NEU1_P53634,P53634,CTSC,0.0,0.0
NEU1_P55145,NEU1_P55145,P55145,MANF,0.0,0.0
NEU1_P55285,NEU1_P55285,P55285,CDH6,0.0,0.0
NEU1_P56159,NEU1_P56159,P56159,GFRA1,0.0,0.0
NEU1_P57087,NEU1_P57087,P57087,JAM2,0.0,0.0
NEU1_P78333,NEU1_P78333,P78333,GPC5,0.0,0.0
NEU1_Q01344,NEU1_Q01344,Q01344,IL5RA,0.0,0.0
NEU1_Q02083,NEU1_Q02083,Q02083,NAAA,0.0,0.0
NEU1_Q08345,NEU1_Q08345,Q08345,DDR1,0.0,0.0
NEU1_Q08629,NEU1_Q08629,Q08629,SPOCK1,0.0,0.0
NEU1_Q08708,NEU1_Q08708,Q08708,CD300C,0.0,0.0
NEU1_Q14108,NEU1_Q14108,Q14108,SCARB2,0.0,0.0
NEU1_Q16288,NEU1_Q16288,Q16288,NTRK3,0.0,0.0
NEU1_Q16620,NEU1_Q16620,Q16620,NTRK2,0.0,0.0
NEU1_Q16719,NEU1_Q16719,Q16719,KYNU,0.0,0.0
NEU1_Q16775,NEU1_Q16775,Q16775,HAGH,0.0,0.0
NEU1_Q2MKA7,NEU1_Q2MKA7,Q2MKA7,RSPO1,0.0,0.0
NEU1_Q2TAL6,NEU1_Q2TAL6,Q2TAL6,VWC2,0.0,0.0
NEU1_Q2VWP7,NEU1_Q2VWP7,Q2VWP7,PRTG,0.0,0.0
NEU1_Q6ISS4,NEU1_Q6ISS4,Q6ISS4,LAIR2,0.0,0.0
NEU1_Q6NW40,NEU1_Q6NW40,Q6NW40,RGMB,0.0,0.0
NEU1_Q6UX15,NEU1_Q6UX15,Q6UX15,LAYN,0.0,0.0
NEU1_Q6ZMJ2,NEU1_Q6ZMJ2,Q6ZMJ2,SCARA5,0.0,0.0
NEU1_Q8IUN9,NEU1_Q8IUN9,Q8IUN9,CLEC10A,0.0,0.0
NEU1_Q8N126,NEU1_Q8N126,Q8N126,CADM3,0.0,0.0
NEU1_Q8NBI3,NEU1_Q8NBI3,Q8NBI3,DRAXIN,0.0,0.0
NEU1_Q8NFP4,NEU1_Q8NFP4,Q8NFP4,MDGA1,0.0,0.0
NEU1_Q8TD46,NEU1_Q8TD46,Q8TD46,CD200R1,0.0,0.0
NEU1_Q8TDQ1,NEU1_Q8TDQ1,Q8TDQ1,CD300LF,0.0,0.0
NEU1_Q92752,NEU1_Q92752,Q92752,TNR,0.0,0.0
NEU1_Q92765,NEU1_Q92765,Q92765,FRZB,0.0,0.0
NEU1_Q92823,NEU1_Q92823,Q92823,NRCAM,0.0,0.0
NEU1_Q96B86,NEU1_Q96B86,Q96B86,RGMA,0.0,0.0
NEU1_Q96GP6,NEU1_Q96GP6,Q96GP6,SCARF2,0.0,0.0
NEU1_Q96GW7,NEU1_Q96GW7,Q96GW7,BCAN,0.0,0.0
NEU1_Q96LA5,NEU1_Q96LA5,Q96LA5,FCRL2,0.0,0.0
NEU1_Q96NZ8,NEU1_Q96NZ8,Q96NZ8,WFIKKN1,0.0,0.0
NEU1_Q9BS40,NEU1_Q9BS40,Q9BS40,LXN,0.0,0.0
NEU1_Q9BZM5,NEU1_Q9BZM5,Q9BZM5,ULBP2,0.0,0.0
NEU1_Q9BZZ2,NEU1_Q9BZZ2,Q9BZZ2,SIGLEC1,0.0,0.0
NEU1_Q9H3S3,NEU1_Q9H3S3,Q9H3S3,TMPRSS5,0.0,0.0
NEU1_Q9H3U7,NEU1_Q9H3U7,Q9H3U7,SMOC2,0.0,0.0
NEU1_Q9HAN9,NEU1_Q9HAN9,Q9HAN9,NMNAT1,0.0,0.0
NEU1_Q9HAV5,NEU1_Q9HAV5,Q9HAV5,EDA2R,0.0,0.0
NEU1_Q9HCK4,NEU1_Q9HCK4,Q9HCK4,ROBO2,0.0,0.0
NEU1_Q9NP84,NEU1_Q9NP84,Q9NP84,TNFRSF12A,0.0,0.0
NEU1_Q9NR71,NEU1_Q9NR71,Q9NR71,ASAH2,0.0,0.0
NEU1_Q9P0K1,NEU1_Q9P0K1,Q9P0K1,ADAM22,0.0,0.0
NEU1_Q9P126,NEU1_Q9P126,Q9P126,CLEC1B,0.0,0.0
NEU1_Q9UBT3,NEU1_Q9UBT3,Q9UBT3,DKK4,0.0,0.0
NEU1_Q9ULL4,NEU1_Q9ULL4,Q9ULL4,PLXNB3,0.0,0.0
NEU1_Q9Y336,NEU1_Q9Y336,Q9Y336,SIGLEC9,0.0,0.0
NEX_O00308,NEX_O00308,O00308,WWP2,0.0,0.0
NEX_O14944,NEX_O14944,O14944,EREG,0.0,0.0
NEX_O15263,NEX_O15263,O15263,"DEFB4B,DEFB4A",0.0,0.0
NEX_O15496,NEX_O15496,O15496,PLA2G10,0.0,0.0
NEX_O76070,NEX_O76070,O76070,SNCG,0.0,0.0
NEX_O94985,NEX_O94985,O94985,CLSTN1,0.0,0.0
NEX_P06748,NEX_P06748,P06748,NPM1,0.0,0.0
NEX_P07196,NEX_P07196,P07196,NEFL,0.0,0.0
NEX_P07306,NEX_P07306,P07306,ASGR1,0.0,0.0
NEX_P08962,NEX_P08962,P08962,CD63,0.0,0.0
NEX_P09211,NEX_P09211,P09211,GSTP1,0.0,0.0
NEX_P09466,NEX_P09466,P09466,PAEP,0.0,0.0
NEX_P11464,NEX_P11464,P11464,PSG1,0.0,0.0
NEX_P11684,NEX_P11684,P11684,SCGB1A1,0.0,0.0
NEX_P13284,NEX_P13284,P13284,IFI30,0.0,0.0
NEX_P13385,NEX_P13385,P13385,TDGF1,0.0,0.0
NEX_P14207,NEX_P14207,P14207,FOLR2,0.0,0.0
NEX_P14625,NEX_P14625,P14625,HSP90B1,0.0,0.0
NEX_P16444,NEX_P16444,P16444,DPEP1,0.0,0.0
NEX_P18031,NEX_P18031,P18031,PTPN1,0.0,0.0
NEX_P19801,NEX_P19801,P19801,AOC1,0.0,0.0
NEX_P20138,NEX_P20138,P20138,CD33,0.0,0.0
NEX_P21802,NEX_P21802,P21802,FGFR2,0.0,0.0
NEX_P23443,NEX_P23443,P23443,RPS6KB1,0.0,0.0
NEX_P23588,NEX_P23588,P23588,EIF4B,0.0,0.0
NEX_P24001,NEX_P24001,P24001,IL32,0.0,0.0
NEX_P24071,NEX_P24071,P24071,FCAR,0.0,0.0
NEX_P26951,NEX_P26951,P26951,IL3RA,0.0,0.0
NEX_P29218,NEX_P29218,P29218,IMPA1,0.0,0.0
NEX_P30519,NEX_P30519,P30519,HMOX2,0.0,0.0
NEX_P32456,NEX_P32456,P32456,GBP2,0.0,0.0
NEX_P32926,NEX_P32926,P32926,DSG3,0.0,0.0
NEX_P36269,NEX_P36269,P36269,GGT5,0.0,0.0
NEX_P37108,NEX_P37108,P37108,SRP14,0.0,0.0
NEX_P40198,NEX_P40198,P40198,CEACAM3,0.0,0.0
NEX_P40933,NEX_P40933,P40933,IL15,0.0,0.0
NEX_P41208,NEX_P41208,P41208,CETN2,0.0,0.0
NEX_P41227,NEX_P41227,P41227,NAA10,0.0,0.0
NEX_P42892,NEX_P42892,P42892,ECE1,0.0,0.0
NEX_P43628,NEX_P43628,P43628,KIR2DL3,0.0,0.0
NEX_P48357,NEX_P48357,P48357,LEPR,0.0,0.0
NEX_P49789,NEX_P49789,P49789,FHIT,0.0,0.0
NEX_P51452,NEX_P51452,P51452,DUSP3,0.0,0.0
NEX_P52943,NEX_P52943,P52943,CRIP2,0.0,0.0
NEX_P55291,NEX_P55291,P55291,CDH15,0.0,0.0
NEX_P58417,NEX_P58417,P58417,NXPH1,0.0,0.0
NEX_P63098,NEX_P63098,P63098,PPP3R1,0.0,0.0
NEX_P78560,NEX_P78560,P78560,CRADD,0.0,0.0
NEX_Q03393,NEX_Q03393,Q03393,PTS,0.0,0.0
NEX_Q06323,NEX_Q06323,Q06323,PSME1,0.0,0.0
NEX_Q10589,NEX_Q10589,Q10589,BST2,0.0,0.0
NEX_Q12864,NEX_Q12864,Q12864,CDH17,0.0,0.0
NEX_Q13444,NEX_Q13444,Q13444,ADAM15,0.0,0.0
NEX_Q13451,NEX_Q13451,Q13451,FKBP5,0.0,0.0
NEX_Q14956,NEX_Q14956,Q14956,GPNMB,0.0,0.0
NEX_Q15126,NEX_Q15126,Q15126,PMVK,0.0,0.0
NEX_Q16619,NEX_Q16619,Q16619,CTF1,0.0,0.0
NEX_Q16864,NEX_Q16864,Q16864,ATP6V1F,0.0,0.0
NEX_Q5JZY3,NEX_Q5JZY3,Q5JZY3,EPHA10,0.0,0.0
NEX_Q6UWL6,NEX_Q6UWL6,Q6UWL6,KIRREL2,0.0,0.0
NEX_Q6UX27,NEX_Q6UX27,Q6UX27,VSTM1,0.0,0.0
NEX_Q6UXK2,NEX_Q6UXK2,Q6UXK2,ISLR2,0.0,0.0
NEX_Q86Z14,NEX_Q86Z14,Q86Z14,KLB,0.0,0.0
NEX_Q8IU54,NEX_Q8IU54,Q8IU54,IFNL1,0.0,0.0
NEX_Q8IX05,NEX_Q8IX05,Q8IX05,CD302,0.0,0.0
NEX_Q8N474,NEX_Q8N474,Q8N474,SFRP1,0.0,0.0
NEX_Q8TCT1,NEX_Q8TCT1,Q8TCT1,PHOSPHO1,0.0,0.0
NEX_Q92597,NEX_Q92597,Q92597,NDRG1,0.0,0.0
NEX_Q969M7,NEX_Q969M7,Q969M7,UBE2F,0.0,0.0
NEX_Q96B36,NEX_Q96B36,Q96B36,AKT1S1,0.0,0.0
NEX_Q96EK5,NEX_Q96EK5,Q96EK5,KIAA1279,0.0,0.0
NEX_Q96EP0,NEX_Q96EP0,Q96EP0,RNF31,0.0,0.0
NEX_Q96IU4,NEX_Q96IU4,Q96IU4,ABHD14B,0.0,0.0
NEX_Q96RJ3,NEX_Q96RJ3,Q96RJ3,TNFRSF13C,0.0,0.0
NEX_Q99426,NEX_Q99426,Q99426,TBCB,0.0,0.0
NEX_Q9BTE6,NEX_Q9BTE6,Q9BTE6,"PTGES3L-AARSD1,AARSD1",0.0,0.0
NEX_Q9BW30,NEX_Q9BW30,Q9BW30,TPPP3,0.0,0.0
NEX_Q9BYC5,NEX_Q9BYC5,Q9BYC5,FUT8,0.0,0.0
NEX_Q9H0C8,NEX_Q9H0C8,Q9H0C8,ILKAP,0.0,0.0
NEX_Q9H477,NEX_Q9H477,Q9H477,RBKS,0.0,0.0
NEX_Q9H4A9,NEX_Q9H4A9,Q9H4A9,DPEP2,0.0,0.0
NEX_Q9H4F8,NEX_Q9H4F8,Q9H4F8,SMOC1,0.0,0.0
NEX_Q9NRG1,NEX_Q9NRG1,Q9NRG1,PRTFDC1,0.0,0.0
NEX_Q9UHV9,NEX_Q9UHV9,Q9UHV9,PFDN2,0.0,0.0
NEX_Q9UJ72,NEX_Q9UJ72,Q9UJ72,ANXA10,0.0,0.0
NEX_Q9UK53,NEX_Q9UK53,Q9UK53,ING1,0.0,0.0
NEX_Q9UKS7,NEX_Q9UKS7,Q9UKS7,IKZF2,0.0,0.0
NEX_Q9Y2V2,NEX_Q9Y2V2,Q9Y2V2,CARHSP1,0.0,0.0
NEX_Q9Y4X3,NEX_Q9Y4X3,Q9Y4X3,CCL27,0.0,0.0
NEX_Q9Y5P4,NEX_Q9Y5P4,Q9Y5P4,COL4A3BP,0.0,0.0
NEX_Q9Y680,NEX_Q9Y680,Q9Y680,FKBP7,0.0,0.0
NEX_Q9Y6D9,NEX_Q9Y6D9,Q9Y6D9,MAD1L1,0.0,0.0
ODA_O00186,ODA_O00186,O00186,STXBP3,0.0,0.0
ODA_O00748,ODA_O00748,O00748,CES2,0.0,0.0
ODA_O14713,ODA_O14713,O14713,ITGB1BP1,0.0,0.0
ODA_O15357,ODA_O15357,O15357,INPPL1,0.0,0.0
ODA_O43570,ODA_O43570,O43570,CA12,0.0,0.0
ODA_O43854,ODA_O43854,O43854,EDIL3,0.0,0.0
ODA_O60240,ODA_O60240,O60240,PLIN1,0.0,0.0
ODA_O60760,ODA_O60760,O60760,HPGDS,0.0,0.0
ODA_O60934,ODA_O60934,O60934,NBN,0.0,0.0
ODA_O75354,ODA_O75354,O75354,ENTPD6,0.0,0.0
ODA_O75569,ODA_O75569,O75569,PRKRA,0.0,0.0
ODA_O75688,ODA_O75688,O75688,PPM1B,0.0,0.0
ODA_O75787,ODA_O75787,O75787,ATP6AP2,0.0,0.0
ODA_O95831,ODA_O95831,O95831,AIFM1,0.0,0.0
ODA_O95994,ODA_O95994,O95994,AGR2,0.0,0.0
ODA_P01229,ODA_P01229,P01229,LHB,0.0,0.0
ODA_P01258,ODA_P01258,P01258,CALCA,0.0,0.0
ODA_P01588,ODA_P01588,P01588,EPO,0.0,0.0
ODA_P06850,ODA_P06850,P06850,CRH,0.0,0.0
ODA_P07332,ODA_P07332,P07332,FES,0.0,0.0
ODA_P07947,ODA_P07947,P07947,YES1,0.0,0.0
ODA_P09769,ODA_P09769,P09769,FGR,0.0,0.0
ODA_P09960,ODA_P09960,P09960,LTA4H,0.0,0.0
ODA_P19429,ODA_P19429,P19429,TNNI3,0.0,0.0
ODA_P19878,ODA_P19878,P19878,NCF2,0.0,0.0
ODA_P20472,ODA_P20472,P20472,PVALB,0.0,0.0
ODA_P20936,ODA_P20936,P20936,RASA1,0.0,0.0
ODA_P21246,ODA_P21246,P21246,PTN,0.0,0.0
ODA_P23582,ODA_P23582,P23582,NPPC,0.0,0.0
ODA_P25786,ODA_P25786,P25786,PSMA1,0.0,0.0
ODA_P27797,ODA_P27797,P27797,CALR,0.0,0.0
ODA_P29474,ODA_P29474,P29474,NOS3,0.0,0.0
ODA_P30838,ODA_P30838,P30838,ALDH3A1,0.0,0.0
ODA_P35070,ODA_P35070,P35070,BTC,0.0,0.0
ODA_P40121,ODA_P40121,P40121,CAPG,0.0,0.0
ODA_P42658,ODA_P42658,P42658,DPP6,0.0,0.0
ODA_P42768,ODA_P42768,P42768,WAS,0.0,0.0
ODA_P48730,ODA_P48730,P48730,CSNK1D,0.0,0.0
ODA_P49023,ODA_P49023,P49023,PXN,0.0,0.0
ODA_P49763-3,ODA_P49763-3,P49763,PGF,0.0,0.0
ODA_P49767,ODA_P49767,P49767,VEGFC,0.0,0.0
ODA_P49788,ODA_P49788,P49788,RARRES1,0.0,0.0
ODA_P50749,ODA_P50749,P50749,RASSF2,0.0,0.0
ODA_P53539,ODA_P53539,P53539,FOSB,0.0,0.0
ODA_P53582,ODA_P53582,P53582,METAP1,0.0,0.0
ODA_P55957,ODA_P55957,P55957,BID,0.0,0.0
ODA_P61244,ODA_P61244,P61244,MAX,0.0,0.0
ODA_P68106,ODA_P68106,P68106,FKBP1B,0.0,0.0
ODA_P80303,ODA_P80303,P80303,NUCB2,0.0,0.0
ODA_P98073,ODA_P98073,P98073,TMPRSS15,0.0,0.0
ODA_Q02246,ODA_Q02246,Q02246,CNTN2,0.0,0.0
ODA_Q02880,ODA_Q02880,Q02880,TOP2B,0.0,0.0
ODA_Q03426,ODA_Q03426,Q03426,MVK,0.0,0.0
ODA_Q07954,ODA_Q07954,Q07954,LRP1,0.0,0.0
ODA_Q0Z7S8,ODA_Q0Z7S8,Q0Z7S8,FABP9,0.0,0.0
ODA_Q11201,ODA_Q11201,Q11201,ST3GAL1,0.0,0.0
ODA_Q12778,ODA_Q12778,Q12778,FOXO1,0.0,0.0
ODA_Q12913,ODA_Q12913,Q12913,PTPRJ,0.0,0.0
ODA_Q13145,ODA_Q13145,Q13145,BAMBI,0.0,0.0
ODA_Q13308,ODA_Q13308,Q13308,PTK7,0.0,0.0
ODA_Q15116,ODA_Q15116,Q15116,PDCD1,0.0,0.0
ODA_Q15165,ODA_Q15165,Q15165,PON2,0.0,0.0
ODA_Q15797,ODA_Q15797,Q15797,SMAD1,0.0,0.0
ODA_Q7L5Y9,ODA_Q7L5Y9,Q7L5Y9,MAEA,0.0,0.0
ODA_Q7L8A9,ODA_Q7L8A9,Q7L8A9,VASH1,0.0,0.0
ODA_Q7LG56,ODA_Q7LG56,Q7LG56,RRM2B,0.0,0.0
ODA_Q86SJ6,ODA_Q86SJ6,Q86SJ6,DSG4,0.0,0.0
ODA_Q86SR1,ODA_Q86SR1,Q86SR1,GALNT10,0.0,0.0
ODA_Q86WD7,ODA_Q86WD7,Q86WD7,SERPINA9,0.0,0.0
ODA_Q8IUK5,ODA_Q8IUK5,Q8IUK5,PLXDC1,0.0,0.0
ODA_Q8N8S7,ODA_Q8N8S7,Q8N8S7,ENAH,0.0,0.0
ODA_Q8NC01,ODA_Q8NC01,Q8NC01,CLEC1A,0.0,0.0
ODA_Q8NDB2,ODA_Q8NDB2,Q8NDB2,BANK1,0.0,0.0
ODA_Q96D42,ODA_Q96D42,Q96D42,HAVCR1,0.0,0.0
ODA_Q96RT1,ODA_Q96RT1,Q96RT1,ERBB2IP,0.0,0.0
ODA_Q9BXJ7,ODA_Q9BXJ7,Q9BXJ7,AMN,0.0,0.0
ODA_Q9GZY6,ODA_Q9GZY6,Q9GZY6,LAT2,0.0,0.0
ODA_Q9HAW4,ODA_Q9HAW4,Q9HAW4,CLSPN,0.0,0.0
ODA_Q9NQ88,ODA_Q9NQ88,Q9NQ88,C12orf5,0.0,0.0
ODA_Q9NRA1,ODA_Q9NRA1,Q9NRA1,PDGFC,0.0,0.0
ODA_Q9NXA8,ODA_Q9NXA8,Q9NXA8,SIRT5,0.0,0.0
ODA_Q9P0J1,ODA_Q9P0J1,Q9P0J1,PDP1,0.0,0.0
ODA_Q9UHF1,ODA_Q9UHF1,Q9UHF1,EGFL7,0.0,0.0
ODA_Q9UKL0,ODA_Q9UKL0,Q9UKL0,RCOR1,0.0,0.0
ODA_Q9ULX7,ODA_Q9ULX7,Q9ULX7,CA14,0.0,0.0
ODA_Q9UNK0,ODA_Q9UNK0,Q9UNK0,STX8,0.0,0.0
ODA_Q9Y478,ODA_Q9Y478,Q9Y478,PRKAB1,0.0,0.0
ODA_Q9Y4K4,ODA_Q9Y4K4,Q9Y4K4,MAP4K5,0.0,0.0
ODA_Q9Y5A7,ODA_Q9Y5A7,Q9Y5A7,NUB1,0.0,0.0
ODA_Q9Y5L3,ODA_Q9Y5L3,Q9Y5L3,ENTPD2,0.0,0.0
ODA_Q9Y5V3,ODA_Q9Y5V3,Q9Y5V3,MAGED1,0.0,0.0
ODA_Q9Y653,ODA_Q9Y653,Q9Y653,GPR56,0.0,0.0
ONC2_O00548,ONC2_O00548,O00548,DLL1,0.0,0.0
ONC2_O00592,ONC2_O00592,O00592,PODXL,0.0,0.0
ONC2_O00622,ONC2_O00622,O00622,CYR61,0.0,0.0
ONC2_O14828,ONC2_O14828,O14828,SCAMP3,0.0,0.0
ONC2_O15455,ONC2_O15455,O15455,TLR3,0.0,0.0
ONC2_O43895,ONC2_O43895,O43895,XPNPEP2,0.0,0.0
ONC2_O43927,ONC2_O43927,O43927,CXCL13,0.0,0.0
ONC2_O60259,ONC2_O60259,O60259,KLK8,0.0,0.0
ONC2_O60911,ONC2_O60911,O60911,CTSV,0.0,0.0
ONC2_O75144,ONC2_O75144,O75144,ICOSLG,0.0,0.0
ONC2_O75888,ONC2_O75888,O75888,TNFSF13,0.0,0.0
ONC2_O95274,ONC2_O95274,O95274,LYPD3,0.0,0.0
ONC2_O95388,ONC2_O95388,O95388,WISP1,0.0,0.0
ONC2_O95407,ONC2_O95407,O95407,TNFRSF6B,0.0,0.0
ONC2_O95971,ONC2_O95971,O95971,CD160,0.0,0.0
ONC2_P00519,ONC2_P00519,P00519,ABL1,0.0,0.0
ONC2_P01133,ONC2_P01133,P01133,EGF,0.0,0.0
ONC2_P01135,ONC2_P01135,P01135,TGFA,0.0,0.0
ONC2_P01298,ONC2_P01298,P01298,PPY,0.0,0.0
ONC2_P04083,ONC2_P04083,P04083,ANXA1,0.0,0.0
ONC2_P04626,ONC2_P04626,P04626,ERBB2,0.0,0.0
ONC2_P05231,ONC2_P05231,P05231,IL6,0.0,0.0
ONC2_P06731,ONC2_P06731,P06731,CEACAM5,0.0,0.0
ONC2_P06756,ONC2_P06756,P06756,ITGAV,0.0,0.0
ONC2_P07948,ONC2_P07948,P07948,LYN,0.0,0.0
ONC2_P07949,ONC2_P07949,P07949,RET,0.0,0.0
ONC2_P08069,ONC2_P08069,P08069,IGF1R,0.0,0.0
ONC2_P08670,ONC2_P08670,P08670,VIM,0.0,0.0
ONC2_P09326,ONC2_P09326,P09326,CD48,0.0,0.0
ONC2_P09382,ONC2_P09382,P09382,LGALS1,0.0,0.0
ONC2_P09486,ONC2_P09486,P09486,SPARC,0.0,0.0
ONC2_P09958,ONC2_P09958,P09958,FURIN,0.0,0.0
ONC2_P10144,ONC2_P10144,P10144,GZMB,0.0,0.0
ONC2_P13688,ONC2_P13688,P13688,CEACAM1,0.0,0.0
ONC2_P14210,ONC2_P14210,P14210,HGF,0.0,0.0
ONC2_P15260,ONC2_P15260,P15260,IFNGR1,0.0,0.0
ONC2_P15328,ONC2_P15328,P15328,FOLR1,0.0,0.0
ONC2_P15514,ONC2_P15514,P15514,"AREG,AREGB",0.0,0.0
ONC2_P15692,ONC2_P15692,P15692,VEGFA,0.0,0.0
ONC2_P16870,ONC2_P16870,P16870,CPE,0.0,0.0
ONC2_P18084,ONC2_P18084,P18084,ITGB5,0.0,0.0
ONC2_P18827,ONC2_P18827,P18827,SDC1,0.0,0.0
ONC2_P20718,ONC2_P20718,P20718,GZMH,0.0,0.0
ONC2_P21583,ONC2_P21583,P21583,KITLG,0.0,0.0
ONC2_P21589,ONC2_P21589,P21589,NT5E,0.0,0.0
ONC2_P21741,ONC2_P21741,P21741,MDK,0.0,0.0
ONC2_P21860,ONC2_P21860,P21860,ERBB3,0.0,0.0
ONC2_P26447,ONC2_P26447,P26447,S100A4,0.0,0.0
ONC2_P26842,ONC2_P26842,P26842,CD27,0.0,0.0
ONC2_P29317,ONC2_P29317,P29317,EPHA2,0.0,0.0
ONC2_P31949,ONC2_P31949,P31949,S100A11,0.0,0.0
ONC2_P32970,ONC2_P32970,P32970,CD70,0.0,0.0
ONC2_P35052,ONC2_P35052,P35052,GPC1,0.0,0.0
ONC2_P35916,ONC2_P35916,P35916,FLT4,0.0,0.0
ONC2_P35968,ONC2_P35968,P35968,KDR,0.0,0.0
ONC2_P37173,ONC2_P37173,P37173,TGFBR2,0.0,0.0
ONC2_P38936,ONC2_P38936,P38936,CDKN1A,0.0,0.0
ONC2_P40222,ONC2_P40222,P40222,TXLNA,0.0,0.0
ONC2_P41439,ONC2_P41439,P41439,FOLR3,0.0,0.0
ONC2_P43489,ONC2_P43489,P43489,TNFRSF4,0.0,0.0
ONC2_P48023,ONC2_P48023,P48023,FASLG,0.0,0.0
ONC2_P48307,ONC2_P48307,P48307,TFPI2,0.0,0.0
ONC2_P50579,ONC2_P50579,P50579,METAP2,0.0,0.0
ONC2_P50591,ONC2_P50591,P50591,TNFSF10,0.0,0.0
ONC2_P56279,ONC2_P56279,P56279,TCL1A,0.0,0.0
ONC2_P78325,ONC2_P78325,P78325,ADAM8,0.0,0.0
ONC2_Q13158,ONC2_Q13158,Q13158,FADD,0.0,0.0
ONC2_Q13421,ONC2_Q13421,Q13421,MSLN,0.0,0.0
ONC2_Q14508,ONC2_Q14508,Q14508,WFDC2,0.0,0.0
ONC2_Q14512,ONC2_Q14512,Q14512,FGFBP1,0.0,0.0
ONC2_Q14956,ONC2_Q14956,Q14956,GPNMB,0.0,0.0
ONC2_Q15303,ONC2_Q15303,Q15303,ERBB4,0.0,0.0
ONC2_Q16674,ONC2_Q16674,Q16674,MIA,0.0,0.0
ONC2_Q16790,ONC2_Q16790,Q16790,CA9,0.0,0.0
"ONC2_Q29983,Q29980","ONC2_Q29983,Q29980","Q29983,Q29980","MICA,MICB",0.0,0.0
ONC2_Q6BAA4,ONC2_Q6BAA4,Q6BAA4,FCRLB,0.0,0.0
ONC2_Q6UXB2,ONC2_Q6UXB2,Q6UXB2,CXCL17,0.0,0.0
ONC2_Q8TE58,ONC2_Q8TE58,Q8TE58,ADAMTS15,0.0,0.0
ONC2_Q8WXI7,ONC2_Q8WXI7,Q8WXI7,MUC16,0.0,0.0
ONC2_Q96NY8,ONC2_Q96NY8,Q96NY8,PVRL4,0.0,0.0
ONC2_Q99717,ONC2_Q99717,Q99717,SMAD5,0.0,0.0
ONC2_Q9BXY4,ONC2_Q9BXY4,Q9BXY4,RSPO3,0.0,0.0
ONC2_Q9BYH1,ONC2_Q9BYH1,Q9BYH1,SEZ6L,0.0,0.0
ONC2_Q9HBG7,ONC2_Q9HBG7,Q9HBG7,LY9,0.0,0.0
ONC2_Q9NQ30,ONC2_Q9NQ30,Q9NQ30,ESM1,0.0,0.0
ONC2_Q9NS68,ONC2_Q9NS68,Q9NS68,TNFRSF19,0.0,0.0
ONC2_Q9P0G3,ONC2_Q9P0G3,Q9P0G3,KLK14,0.0,0.0
ONC2_Q9UBG3,ONC2_Q9UBG3,Q9UBG3,CRNN,0.0,0.0
ONC2_Q9UBX7,ONC2_Q9UBX7,Q9UBX7,KLK11,0.0,0.0
ONC2_Q9UJ71,ONC2_Q9UJ71,Q9UJ71,CD207,0.0,0.0
ONC2_Q9UKR3,ONC2_Q9UKR3,Q9UKR3,KLK13,0.0,0.0
ONC2_Q9Y5W5,ONC2_Q9Y5W5,Q9Y5W5,WIF1,0.0,0.0
ONC3_O00233,ONC3_O00233,O00233,PSMD9,0.0,0.0
ONC3_O14558,ONC3_O14558,O14558,HSPB6,0.0,0.0
ONC3_O43524,ONC3_O43524,O43524,FOXO3,0.0,0.0
ONC3_O43707,ONC3_O43707,O43707,ACTN4,0.0,0.0
ONC3_O60542,ONC3_O60542,O60542,PSPN,0.0,0.0
ONC3_O60575,ONC3_O60575,O60575,SPINK4,0.0,0.0
ONC3_O60763,ONC3_O60763,O60763,USO1,0.0,0.0
ONC3_O60907,ONC3_O60907,O60907,TBL1X,0.0,0.0
ONC3_O75695,ONC3_O75695,O75695,RP2,0.0,0.0
ONC3_O76038,ONC3_O76038,O76038,SCGN,0.0,0.0
ONC3_O95379,ONC3_O95379,O95379,TNFAIP8,0.0,0.0
ONC3_O95715,ONC3_O95715,O95715,CXCL14,0.0,0.0
ONC3_P01303,ONC3_P01303,P01303,NPY,0.0,0.0
ONC3_P01584,ONC3_P01584,P01584,IL1B,0.0,0.0
ONC3_P01591,ONC3_P01591,P01591,IGJ,0.0,0.0
ONC3_P02745,ONC3_P02745,P02745,C1QA,0.0,0.0
ONC3_P02771,ONC3_P02771,P02771,AFP,0.0,0.0
ONC3_P05187,ONC3_P05187,P05187,ALPP,0.0,0.0
ONC3_P06865,ONC3_P06865,P06865,HEXA,0.0,0.0
ONC3_P08397,ONC3_P08397,P08397,HMBS,0.0,0.0
ONC3_P09105,ONC3_P09105,P09105,HBQ1,0.0,0.0
ONC3_P09110,ONC3_P09110,P09110,ACAA1,0.0,0.0
ONC3_P0DN86,ONC3_P0DN86,P0DN86,CGB3,0.0,0.0
ONC3_P12872,ONC3_P12872,P12872,MLN,0.0,0.0
ONC3_P13521,ONC3_P13521,P13521,SCG2,0.0,0.0
ONC3_P13693,ONC3_P13693,P13693,TPT1,0.0,0.0
ONC3_P13747,ONC3_P13747,P13747,HLA-E,0.0,0.0
ONC3_P15121,ONC3_P15121,P15121,AKR1B1,0.0,0.0
ONC3_P17948,ONC3_P17948,P17948,FLT1,0.0,0.0
ONC3_P20273,ONC3_P20273,P20273,CD22,0.0,0.0
ONC3_P20340,ONC3_P20340,P20340,RAB6A,0.0,0.0
ONC3_P20849,ONC3_P20849,P20849,COL9A1,0.0,0.0
ONC3_P28827,ONC3_P28827,P28827,PTPRM,0.0,0.0
ONC3_P28838,ONC3_P28838,P28838,LAP3,0.0,0.0
ONC3_P30260,ONC3_P30260,P30260,CDC27,0.0,0.0
ONC3_P32004,ONC3_P32004,P32004,L1CAM,0.0,0.0
ONC3_P33241,ONC3_P33241,P33241,LSP1,0.0,0.0
ONC3_P35637,ONC3_P35637,P35637,FUS,0.0,0.0
ONC3_P36888,ONC3_P36888,P36888,FLT3,0.0,0.0
ONC3_P38484,ONC3_P38484,P38484,IFNGR2,0.0,0.0
ONC3_P42331,ONC3_P42331,P42331,ARHGAP25,0.0,0.0
ONC3_P42575,ONC3_P42575,P42575,CASP2,0.0,0.0
ONC3_P43490,ONC3_P43490,P43490,NAMPT,0.0,0.0
ONC3_P48643,ONC3_P48643,P48643,CCT5,0.0,0.0
ONC3_P49441,ONC3_P49441,P49441,INPP1,0.0,0.0
ONC3_P51580,ONC3_P51580,P51580,TPMT,0.0,0.0
ONC3_P55008,ONC3_P55008,P55008,AIF1,0.0,0.0
ONC3_P55039,ONC3_P55039,P55039,DRG2,0.0,0.0
ONC3_P55789,ONC3_P55789,P55789,GFER,0.0,0.0
ONC3_P62166,ONC3_P62166,P62166,NCS1,0.0,0.0
ONC3_Q08174,ONC3_Q08174,Q08174,PCDH1,0.0,0.0
ONC3_Q12904,ONC3_Q12904,Q12904,AIMP1,0.0,0.0
ONC3_Q13459,ONC3_Q13459,Q13459,MYO9B,0.0,0.0
ONC3_Q14241,ONC3_Q14241,Q14241,TCEB3,0.0,0.0
ONC3_Q14353,ONC3_Q14353,Q14353,GAMT,0.0,0.0
ONC3_Q14773,ONC3_Q14773,Q14773,ICAM4,0.0,0.0
ONC3_Q496F6,ONC3_Q496F6,Q496F6,CD300E,0.0,0.0
ONC3_Q53H82,ONC3_Q53H82,Q53H82,LACTB2,0.0,0.0
ONC3_Q5VIR6,ONC3_Q5VIR6,Q5VIR6,VPS53,0.0,0.0
ONC3_Q6PCB0,ONC3_Q6PCB0,Q6PCB0,VWA1,0.0,0.0
ONC3_Q7Z5L0,ONC3_Q7Z5L0,Q7Z5L0,VMO1,0.0,0.0
ONC3_Q7Z739,ONC3_Q7Z739,Q7Z739,YTHDF3,0.0,0.0
ONC3_Q86SF2,ONC3_Q86SF2,Q86SF2,GALNT7,0.0,0.0
ONC3_Q8IWL2,ONC3_Q8IWL2,Q8IWL2,SFTPA1,0.0,0.0
ONC3_Q8NEZ2,ONC3_Q8NEZ2,Q8NEZ2,VPS37A,0.0,0.0
ONC3_Q8WUW1,ONC3_Q8WUW1,Q8WUW1,BRK1,0.0,0.0
ONC3_Q92832,ONC3_Q92832,Q92832,NELL1,0.0,0.0
ONC3_Q93096,ONC3_Q93096,Q93096,PTP4A1,0.0,0.0
ONC3_Q96FQ6,ONC3_Q96FQ6,Q96FQ6,S100A16,0.0,0.0
ONC3_Q96I15,ONC3_Q96I15,Q96I15,SCLY,0.0,0.0
ONC3_Q96J42,ONC3_Q96J42,Q96J42,TXNDC15,0.0,0.0
ONC3_Q96PD4,ONC3_Q96PD4,Q96PD4,IL17F,0.0,0.0
ONC3_Q99536,ONC3_Q99536,Q99536,VAT1,0.0,0.0
ONC3_Q99795,ONC3_Q99795,Q99795,GPA33,0.0,0.0
ONC3_Q9BS26,ONC3_Q9BS26,Q9BS26,ERP44,0.0,0.0
ONC3_Q9BSL1,ONC3_Q9BSL1,Q9BSL1,UBAC1,0.0,0.0
ONC3_Q9BYE9,ONC3_Q9BYE9,Q9BYE9,CDHR2,0.0,0.0
ONC3_Q9H0P0,ONC3_Q9H0P0,Q9H0P0,NT5C3A,0.0,0.0
ONC3_Q9H3G5,ONC3_Q9H3G5,Q9H3G5,CPVL,0.0,0.0
ONC3_Q9H773,ONC3_Q9H773,Q9H773,DCTPP1,0.0,0.0
ONC3_Q9H8J5,ONC3_Q9H8J5,Q9H8J5,MANSC1,0.0,0.0
ONC3_Q9HD26,ONC3_Q9HD26,Q9HD26,GOPC,0.0,0.0
ONC3_Q9NTU7,ONC3_Q9NTU7,Q9NTU7,CBLN4,0.0,0.0
ONC3_Q9P1Z2,ONC3_Q9P1Z2,Q9P1Z2,CALCOCO1,0.0,0.0
ONC3_Q9UDT6,ONC3_Q9UDT6,Q9UDT6,CLIP2,0.0,0.0
ONC3_Q9UHD8,ONC3_Q9UHD8,Q9UHD8,2022-09-09 00:00:00,0.0,0.0
ONC3_Q9UJY5,ONC3_Q9UJY5,Q9UJY5,GGA1,0.0,0.0
ONC3_Q9UMF0,ONC3_Q9UMF0,Q9UMF0,ICAM5,0.0,0.0
ONC3_Q9Y2B0,ONC3_Q9Y2B0,Q9Y2B0,CNPY2,0.0,0.0
ONC3_Q9Y5K2,ONC3_Q9Y5K2,Q9Y5K2,KLK4,0.0,0.0
ONC3_Q9Y5K8,ONC3_Q9Y5K8,Q9Y5K8,ATP6V1D,0.0,0.0
ONC3_Q9Y644,ONC3_Q9Y644,Q9Y644,RFNG,0.0,0.0
