name,uniprot,gene_name,t2d_minus_control,t2d_minus_control_pvals,high_hba1c_minus_control,high_hba1c_minus_control_pvals
CAM_O00533,O00533,CHL1,,,,
CAM_O14786,O14786,NRP1,,,,
CAM_O15031,O15031,PLXNB2,,,,
CAM_O75015,O75015,FCGR3B,,,,
CAM_O75023,O75023,LILRB5,,,,
CAM_O95445,O95445,APOM,,,,
CAM_P00441,P00441,SOD1,,,,
CAM_P00915,P00915,CA1,,,,
CAM_P01033,P01033,TIMP1,,,,
CAM_P01034,P01034,CST3,,,,
CAM_P03950,P03950,ANG,,,,
CAM_P03951,P03951,F11,,,,
CAM_P04070,P04070,PROC,,,,
CAM_P05154,P05154,SERPINA5,,,,
CAM_P05362,P05362,ICAM1,,,,
CAM_P05451,P05451,REG1A,,,,
CAM_P05543,P05543,SERPINA7,,,,
CAM_P06681,P06681,C2,,,,
CAM_P07359,P07359,GP1BA,,,,
CAM_P07451,P07451,CA3,,,,
CAM_P07478,P07478,PRSS2,,,,
CAM_P07911,P07911,UMOD,,,,
CAM_P08581,P08581,MET,,,,
CAM_P08709,P08709,F7,,,,
CAM_P0CG05,P0CG05,"IGLC2,IGLC3",,,,
CAM_P10721,P10721,KIT,,,,
CAM_P11215,P11215,ITGAM,,,,
CAM_P11226,P11226,MBL2,,,,
CAM_P12318,P12318,FCGR2A,,,,
CAM_P12830,P12830,CDH1,,,,
CAM_P13501,P13501,CCL5,,,,
CAM_P13591,P13591,NCAM1,,,,
CAM_P13987,P13987,CD59,,,,
CAM_P14151,P14151,SELL,,,,
CAM_P14543,P14543,NID1,,,,
CAM_P15529,P15529,CD46,,,,
CAM_P15907,P15907,ST6GAL1,,,,
CAM_P16871,P16871,IL7R,,,,
CAM_P17813,P17813,ENG,,,,
CAM_P17936,P17936,IGFBP3,,,,
CAM_P19021,P19021,PAM,,,,
CAM_P19320,P19320,VCAM1,,,,
CAM_P20023,P20023,CR2,,,,
CAM_P20062,P20062,TCN2,,,,
CAM_P22105,P22105,TNXB,,,,
CAM_P22748,P22748,CA4,,,,
CAM_P22749,P22749,GNLY,,,,
CAM_P23141,P23141,CES1,,,,
CAM_P24592,P24592,IGFBP6,,,,
CAM_P24821,P24821,TNC,,,,
CAM_P27487,P27487,DPP4,,,,
CAM_P32942,P32942,ICAM3,,,,
CAM_P35443,P35443,THBS4,,,,
CAM_P35542,P35542,SAA4,,,,
CAM_P35590,P35590,TIE1,,,,
CAM_P39060,P39060,COL18A1,,,,
CAM_P42785,P42785,PRCP,,,,
CAM_P46531,P46531,NOTCH1,,,,
CAM_P49747,P49747,COMP,,,,
CAM_P55058,P55058,PLTP,,,,
CAM_P55774,P55774,CCL18,,,,
CAM_P59665,P59665,"DEFA1,DEFA1B",,,,
CAM_P80188,P80188,LCN2,,,,
CAM_Q03167,Q03167,TGFBR3,,,,
CAM_Q06141,Q06141,REG3A,,,,
CAM_Q12805,Q12805,EFEMP1,,,,
CAM_Q12884,Q12884,FAP,,,,
CAM_Q13093,Q13093,PLA2G7,,,,
CAM_Q13332,Q13332,PTPRS,,,,
CAM_Q13361,Q13361,MFAP5,,,,
CAM_Q14393,Q14393,GAS6,,,,
CAM_Q14515,Q14515,SPARCL1,,,,
CAM_Q14767,Q14767,LTBP2,,,,
CAM_Q15113,Q15113,PCOLCE,,,,
CAM_Q15485,Q15485,FCN2,,,,
CAM_Q15582,Q15582,TGFBI,,,,
CAM_Q16627,Q16627,CCL14,,,,
CAM_Q16769,Q16769,QPCT,,,,
CAM_Q16853,Q16853,AOC3,,,,
CAM_Q6EMK4,Q6EMK4,VASN,,,,
CAM_Q8N423,Q8N423,LILRB2,,,,
CAM_Q8NHL6,Q8NHL6,LILRB1,,,,
CAM_Q96H15,Q96H15,TIMD4,,,,
CAM_Q96KN2,Q96KN2,CNDP1,,,,
CAM_Q99650,Q99650,OSMR,,,,
CAM_Q9BXJ1,Q9BXJ1,C1QTNF1,,,,
CAM_Q9BXR6,Q9BXR6,CFHR5,,,,
CAM_Q9H1U4,Q9H1U4,MEGF9,,,,
CAM_Q9NQ79,Q9NQ79,CRTAC1,,,,
CAM_Q9UGM5,Q9UGM5,FETUB,,,,
CAM_Q9Y5C1,Q9Y5C1,ANGPTL3,,,,
CAM_Q9Y5Y7,Q9Y5Y7,LYVE1,,,,
CRE_A4D1B5,A4D1B5,GSAP,,,,
CRE_O00220,O00220,TNFRSF10A,,,,
CRE_O00221,O00221,NFKBIE,,,,
CRE_O00451,O00451,GFRA2,,,,
CRE_O14662,O14662,STX16,,,,
CRE_O14904,O14904,WNT9A,,,,
CRE_O14917,O14917,PCDH17,,,,
CRE_O43186,O43186,CRX,,,,
CRE_O43521-2,O43521,BCL2L11,,,,
CRE_O43699,O43699,SIGLEC6,,,,
CRE_O43752,O43752,STX6,,,,
CRE_O43915,O43915,FIGF,,,,
CRE_O60243,O60243,HS6ST1,,,,
CRE_O75054,O75054,IGSF3,,,,
CRE_O75354,O75354,ENTPD6,,,,
CRE_O94760,O94760,DDAH1,,,,
CRE_O95183,O95183,VAMP5,,,,
CRE_O95644,O95644,NFATC1,,,,
CRE_O95988,O95988,TCL1B,,,,
CRE_O96013,O96013,PAK4,,,,
CRE_P01242,P01242,GH2,,,,
CRE_P01275,P01275,GCG,,,,
CRE_P02462,P02462,COL4A1,,,,
CRE_P04637,P04637,TP53,,,,
CRE_P05412,P05412,JUN,,,,
CRE_P08237,P08237,PFKM,,,,
CRE_P09758,P09758,TACSTD2,,,,
CRE_P0CG37,P0CG37,CFC1,,,,
CRE_P11274,P11274,BCR,,,,
CRE_P15848,P15848,ARSB,,,,
CRE_P16562,P16562,CRISP2,,,,
CRE_P21810,P21810,BGN,,,,
CRE_P22681,P22681,CBL,,,,
CRE_P23515,P23515,OMG,,,,
CRE_P25685,P25685,DNAJB1,,,,
CRE_P30041,P30041,PRDX6,,,,
CRE_P47929,P47929,"LGALS7,LGALS7B",,,,
CRE_P52564,P52564,MAP2K6,,,,
CRE_P57771,P57771,RGS8,,,,
CRE_P58294,P58294,PROK1,,,,
CRE_Q01543,Q01543,FLI1,,,,
CRE_Q02742,Q02742,GCNT1,,,,
CRE_Q05516,Q05516,ZBTB16,,,,
CRE_Q06520,Q06520,SULT2A1,,,,
CRE_Q07960,Q07960,ARHGAP1,,,,
CRE_Q10471,Q10471,GALNT2,,,,
CRE_Q12912,Q12912,LRMP,,,,
CRE_Q13105,Q13105,ZBTB17,,,,
CRE_Q13561,Q13561,DCTN2,,,,
CRE_Q13576,Q13576,IQGAP2,,,,
CRE_Q16653,Q16653,MOG,,,,
CRE_Q49AH0,Q49AH0,CDNF,,,,
CRE_Q6UB28,Q6UB28,METAP1D,,,,
CRE_Q6UXD5,Q6UXD5,SEZ6L2,,,,
CRE_Q6UXK5,Q6UXK5,LRRN1,,,,
CRE_Q7Z5A7,Q7Z5A7,FAM19A5,,,,
CRE_Q7Z5R6,Q7Z5R6,APBB1IP,,,,
CRE_Q86SJ2,Q86SJ2,AMIGO2,,,,
CRE_Q86WV1,Q86WV1,SKAP1,,,,
CRE_Q8N2G4,Q8N2G4,LYPD1,,,,
CRE_Q8N5S9,Q8N5S9,CAMKK1,,,,
CRE_Q8TD06,Q8TD06,AGR3,,,,
CRE_Q8WYN0,Q8WYN0,ATG4A,,,,
CRE_Q92558,Q92558,WASF1,,,,
CRE_Q92982,Q92982,NINJ1,,,,
CRE_Q969V3,Q969V3,NCLN,,,,
CRE_Q96I82,Q96I82,KAZALD1,,,,
CRE_Q96LC7,Q96LC7,SIGLEC10,,,,
CRE_Q96PD2,Q96PD2,DCBLD2,,,,
CRE_Q96PQ0,Q96PQ0,SORCS2,,,,
CRE_Q96SM3,Q96SM3,CPXM1,,,,
CRE_Q9BQT9,Q9BQT9,CLSTN3,,,,
CRE_Q9BWV1,Q9BWV1,BOC,,,,
CRE_Q9C0C4,Q9C0C4,SEMA4C,,,,
CRE_Q9H156,Q9H156,SLITRK2,,,,
CRE_Q9H5Y7,Q9H5Y7,SLITRK6,,,,
CRE_Q9HCU5,Q9HCU5,PREB,,,,
CRE_Q9NRM6,Q9NRM6,IL17RB,,,,
CRE_Q9NS71,Q9NS71,GKN1,,,,
CRE_Q9NSA1,Q9NSA1,FGF21,,,,
CRE_Q9NX58,Q9NX58,LYAR,,,,
CRE_Q9NZ53,Q9NZ53,PODXL2,,,,
CRE_Q9NZN5,Q9NZN5,ARHGEF12,,,,
CRE_Q9P0V8,Q9P0V8,SLAMF8,,,,
CRE_Q9UBG0,Q9UBG0,MRC2,,,,
CRE_Q9UBM4,Q9UBM4,OPTC,,,,
CRE_Q9UK85,Q9UK85,DKKL1,,,,
CRE_Q9UKR0,Q9UKR0,KLK12,,,,
CRE_Q9UPY6,Q9UPY6,WASF3,,,,
CRE_Q9Y2W6,Q9Y2W6,TDRKH,,,,
CRE_Q9Y662,Q9Y662,HS3ST3B1,,,,
CRE_Q9Y6A5,Q9Y6A5,TACC3,,,,
CVD2_O00182,O00182,LGALS9,0.35993803571428806,3.0080944522609785e-09,0.2768595833333354,2.5548274663570913e-05
CVD2_O00220,O00220,TNFRSF10A,0.36723178571428594,2.7157728425770362e-08,0.3213244128787882,8.179482916510092e-07
CVD2_O00253,O00253,AGRP,-0.03873974999999952,1.0,-0.014048049242425087,1.0
CVD2_O14763,O14763,TNFRSF10B,0.42278067857142787,4.043686940086198e-06,0.3718519696969702,0.0003494080672918241
CVD2_O14836,O14836,TNFRSF13B,0.1964789999999983,0.0077191602023641,0.06756732954545441,1.0
CVD2_O43915,O43915,FIGF,-0.14222896428571463,0.40429028386669197,-0.14593244318181853,0.18716777049323302
CVD2_O94907,O94907,DKK1,0.14737232142856982,1.0,0.12468467803030414,1.0
CVD2_P00797,P00797,REN,0.6531404285714295,2.5552106790939427e-06,0.535672348484848,0.0018081344301758599
CVD2_P01127,P01127,PDGFB,0.10809025000000005,1.0,0.1254079166666635,1.0
CVD2_P01241,P01241,GH1,-0.6203337142857146,0.7296754389980301,-0.9771831628787879,0.04413594138839459
CVD2_P01730,P01730,CD4,0.1963488928571424,0.006152481531450447,0.24164096590909168,0.008527274742810488
CVD2_P01833,P01833,PIGR,0.04207775000000158,0.34724037245888034,-0.002570435606060073,1.0
CVD2_P02760,P02760,AMBP,0.12879946428571287,0.0006283434400835355,0.1260715719696961,0.001118993921757622
CVD2_P04179,P04179,SOD2,0.14294857142857254,0.005966555830543468,0.1312239393939425,0.051035674685883624
CVD2_P04792,P04792,HSPB1,-0.022831500000002336,1.0,0.05022886363636481,1.0
CVD2_P05231,P05231,IL6,0.6536881785714286,2.5563212319146173e-06,0.6525330113636363,0.0001217931775071028
CVD2_P06858,P06858,LPL,-0.3080797857142876,0.00634509145524047,-0.3438906439393943,0.0003505978022998636
CVD2_P07204,P07204,THBD,0.05930910714286064,1.0,0.08336202651514846,1.0
CVD2_P07585,P07585,DCN,0.05747539285714254,1.0,0.048101704545455704,1.0
CVD2_P07711,P07711,CTSL,0.15674385714285766,0.06565689445283132,0.1721851704545445,0.09863075821076402
CVD2_P09237,P09237,MMP7,0.266758035714286,0.10374608433977522,0.24513433712121113,0.06434260082815652
CVD2_P09341,P09341,CXCL1,0.25540292857143143,0.33744322794646414,0.34699619318181973,0.3618298133545433
CVD2_P09601,P09601,HMOX1,-0.04449046428571357,1.0,-0.13653259469697154,1.0
CVD2_P09874,P09874,PARP1,0.381157428571429,0.00224121233817827,0.409901571969697,0.0009544429828957191
CVD2_P10147,P10147,CCL3,0.5133318928571433,9.248485228773521e-06,0.41411837121212036,0.0002608215585771395
CVD2_P12104,P12104,FABP2,0.1719203214285674,0.7364295232609713,0.18262543560605948,1.0
CVD2_P12931,P12931,SRC,0.056800749999998956,1.0,0.0877738825757568,1.0
CVD2_P13726,P13726,F3,-0.01902878571428701,1.0,-0.07465087121212033,0.9974784541684732
CVD2_P16860,P16860,NPPB,-0.037394357142857215,1.0,-0.15827573863636357,0.21789625046136213
CVD2_P18510,P18510,IL1RN,0.9412655000000001,2.58106251042327e-09,0.9599246590909098,6.3735253198696465e-09
CVD2_P19883,P19883,FST,0.5183812857142858,2.044614214865913e-08,0.5590449053030291,1.2983054933229417e-07
CVD2_P21583,P21583,KITLG,-0.14464246428571492,0.6583524652950328,-0.2382678977272743,0.04174206043416332
CVD2_P21980,P21980,TGM2,0.11184632142857076,1.0,-0.03570257575757729,1.0
CVD2_P22004,P22004,BMP6,0.310050214285714,0.14152966928784866,0.33964651515151534,0.1392536829664897
CVD2_P24394,P24394,IL4R,0.16980425000000032,0.028208128179519093,0.09966482954545475,0.8716418888177067
CVD2_P25116,P25116,F2R,0.11537060714285552,0.9008348927166401,0.19070659090908926,0.5749605647994984
CVD2_P26022,P26022,PTX3,0.050993249999999435,1.0,0.015079147727274034,1.0
CVD2_P27352,P27352,GIF,0.15558882142857122,1.0,0.2540494696969704,0.20017814701977776
CVD2_P29965,P29965,CD40LG,0.3632347142857135,1.0,0.3655866856060612,1.0
CVD2_P31994,P31994,FCGR2B,0.21261450000000037,0.3554712073273024,0.01945024621212088,1.0
CVD2_P31997,P31997,CEACAM8,0.24494157142857187,0.027246540847775075,0.15027079545454658,1.0
CVD2_P35218,P35218,CA5A,0.8217122857142862,7.664812607841891e-06,0.7446889015151519,0.0002849449104515547
CVD2_P35318,P35318,ADM,0.3813114285714274,0.00020133230763802937,0.31164742424242675,0.042805409492573936
CVD2_P35442,P35442,THBS2,0.1676075714285714,0.00011226457619392403,0.20470731060605996,3.783422359066448e-05
CVD2_P35475,P35475,IDUA,0.40096057142857067,9.99103795987602e-06,0.4120853598484855,7.605133851906077e-05
CVD2_P39900,P39900,MMP12,0.341427964285713,0.028208128179519093,0.36280702651515107,0.05826614979485315
CVD2_P40225,P40225,THPO,0.0266016785714287,1.0,-0.05369249999999948,1.0
CVD2_P41159,P41159,LEP,0.7284295714285687,0.0006042720422644531,0.5951926893939392,0.015854610974107095
CVD2_P47992,P47992,XCL1,0.1930008928571434,0.12834785197184082,0.2005353977272728,0.6375363366981411
CVD2_P49763,P49763,PGF,0.11038025000000218,0.5996390616956676,0.13864899621212246,0.4690516344424749
CVD2_P51161,P51161,FABP6,-0.18493321428571496,0.3179012199533886,-0.1402110416666673,1.0
CVD2_P51888,P51888,PRELP,0.06711207142856868,0.46432117845169985,0.07477410984848554,0.15244418129553003
CVD2_P78380,P78380,OLR1,0.36855196428571535,4.0845888132763567e-05,0.27526846590909226,0.010523394720506106
CVD2_Q02763,Q02763,TEK,0.11845210714285592,0.10321764535970707,0.12545687500000113,0.13352587694968404
CVD2_Q04760,Q04760,GLO1,0.4257973214285711,0.016418953245512347,0.3689692234848492,0.15736769782678015
CVD2_Q12866,Q12866,MERTK,0.14711335714285578,0.7083327039325914,0.04732422348484899,1.0
CVD2_Q13043,Q13043,STK4,0.11008103571428585,1.0,0.16807060606060542,1.0
CVD2_Q13219,Q13219,PAPPA,0.021024142857142714,1.0,-0.07812367424242472,1.0
CVD2_Q14005,Q14005,IL16,0.26952103571428676,0.006422248046284682,0.20161047348484917,0.22989446111850473
CVD2_Q14116,Q14116,IL18,0.27050364285714146,0.010910614946132161,0.2978092234848493,0.01633843680291317
CVD2_Q14242,Q14242,SELPLG,0.09489214285714187,0.014317449339632691,0.14447857954545462,0.019372549959532553
CVD2_Q15109,Q15109,AGER,-0.19988557142857122,0.011155022345623045,-0.20099607954545462,0.035712890066887916
CVD2_Q15389,Q15389,ANGPT1,0.2496159642857183,0.6912698177757531,0.22749356060606019,1.0
CVD2_Q16651,Q16651,PRSS8,0.3083390357142868,2.117323211699284e-05,0.32145388257575647,1.2370094389594135e-05
CVD2_Q16698,Q16698,DECR1,0.4387959642857151,0.8374896407572747,0.634867386363636,0.17794355351701951
CVD2_Q76LX8,Q76LX8,ADAMTS13,0.0805524999999987,0.23100564081961225,0.041147386363636684,0.8064900085347536
CVD2_Q8IW75,Q8IW75,SERPINA12,0.1976826428571432,1.0,0.06771348484848483,1.0
CVD2_Q8IYS5,Q8IYS5,OSCAR,0.13825692857143146,0.007962199721580354,0.06539249999999974,0.4712774890418595
"CVD2_Q8NEV9,Q14213","Q8NEV9,Q14213","IL27,EBI3",0.084490821428572,0.3978633284785874,0.013464488636363292,1.0
CVD2_Q8TAD2,Q8TAD2,IL17D,-0.021376392857142434,1.0,-0.07077155303030302,1.0
CVD2_Q92583,Q92583,CCL17,0.1647040357142835,1.0,0.1043192234848469,1.0
CVD2_Q96D42,Q96D42,HAVCR1,0.7339980000000006,4.782764141410055e-06,0.6670346780303023,0.001280700257371603
CVD2_Q96IQ7,Q96IQ7,VSIG2,0.25625057142857166,0.03295847732103301,0.28340282196969735,0.05572652585622943
CVD2_Q99075,Q99075,HBEGF,0.30450996428571475,0.5234738370119029,0.26373914772727325,0.7230049463679283
CVD2_Q99523,Q99523,SORT1,0.1544637857142881,0.04917379033810863,0.1558299621212118,0.13212804446379256
CVD2_Q99895,Q99895,CTRC,-0.11938957142857198,1.0,-0.19369668560606357,0.8908838008147146
CVD2_Q9BQ51,Q9BQ51,PDCD1LG2,0.1052500357142856,0.33744322794646414,0.1679068749999999,0.04189036716458817
CVD2_Q9BQR3,Q9BQR3,PRSS27,0.05439142857142798,1.0,0.08563736742424233,1.0
CVD2_Q9BUD6,Q9BUD6,SPON2,0.14536407142857044,7.982390282712377e-05,0.10721772727272771,0.01738582368592172
CVD2_Q9BWV1,Q9BWV1,BOC,-0.010671535714286584,1.0,-0.006879526515152001,1.0
CVD2_Q9BYF1,Q9BYF1,ACE2,0.5376664999999985,2.380247451286193e-05,0.5121930303030289,0.00044747130043510297
CVD2_Q9GZV9,Q9GZV9,FGF23,0.34841057142857146,0.0015593347697432517,0.32974344696969693,0.0973239514707407
CVD2_Q9HB29,Q9HB29,IL1RL2,0.29628028571428544,0.0014334838515906803,0.1799563068181813,0.38485173338802264
CVD2_Q9NQ25,Q9NQ25,SLAMF7,0.2830131785714287,0.012530619048677047,0.23439166666666678,0.1015928224794887
CVD2_Q9NSA1,Q9NSA1,FGF21,1.325063607142856,4.4691382873340035e-06,1.4705357007575772,3.052227595188821e-07
CVD2_Q9UEW3,Q9UEW3,MARCO,0.12176371428571553,0.002758537718427719,0.1419489772727287,0.0251575537570187
CVD2_Q9UIB8,Q9UIB8,CD84,0.14180349999999908,0.9306708281176274,0.19135861742424165,0.38050797577989187
CVD2_Q9UJM8,Q9UJM8,HAO1,1.2618060714285715,3.312398018790844e-05,1.4623585416666662,1.6368074699734448e-06
CVD2_Q9UK05,Q9UK05,GDF2,-0.12660910714285478,1.0,-0.0844596590909088,1.0
CVD2_Q9UKP3,Q9UKP3,ITGB1BP2,0.28354000000000035,1.0,0.3714370643939393,1.0
CVD2_Q9Y6K9,Q9Y6K9,IKBKG,0.3102920357142853,1.0,0.5162478598484848,0.10806078396452871
CVD2_Q9Y6Q6,Q9Y6Q6,TNFRSF11A,0.5405799285714288,7.560616274245682e-10,0.46706753787878874,6.936869569003185e-06
CVD3_NT-proBNP,NT-proBNP,NT-proBNP,-0.13977600000000123,1.0,-0.27703931818181804,0.1921291533203757
CVD3_O00175,O00175,CCL24,-0.16262039285714458,1.0,-0.24216581439393892,0.7841172903991698
CVD3_O00300,O00300,TNFRSF11B,0.2325730357142861,0.006440708492229863,0.22162689393939417,0.09400889376315211
CVD3_O14798,O14798,TNFRSF10C,0.1470047499999989,0.40225828875226394,0.11638263257575776,1.0
CVD3_O15467,O15467,CCL16,0.27421428571428663,0.015101982123802234,0.16134782196969688,0.2667643254855838
CVD3_O75594,O75594,PGLYRP1,0.1735938571428557,0.1331824592581337,0.0925037310606065,1.0
CVD3_O95998,O95998,IL18BP,0.21749446428571506,0.012037889060764877,0.17556034090909112,0.32031298047942175
CVD3_P00533,P00533,EGFR,0.009493464285715625,1.0,-0.002069526515151132,1.0
CVD3_P00749,P00749,PLAU,-0.03972117857142887,1.0,-0.0660060606060604,1.0
CVD3_P00750,P00750,PLAT,0.5503454999999988,0.1916988758485915,0.4013814204545447,1.0
CVD3_P01130,P01130,LDLR,0.42599514285714335,0.00038258684890904405,0.3549353030303042,0.010121736454516724
CVD3_P01589,P01589,IL2RA,0.185247642857143,0.1055963942040737,0.10050196969697023,1.0
CVD3_P02144,P02144,MB,-0.03063703571428622,1.0,-0.09757346590909055,1.0
CVD3_P02452,P02452,COL1A1,-0.24952071428571543,0.0018067843379660274,-0.174421818181818,0.2058294980086418
CVD3_P02786,P02786,TFRC,0.3273139642857128,0.032100281686458496,0.3587013257575764,0.0847428455892034
CVD3_P04080,P04080,CSTB,0.31833103571428545,0.009906108153567026,0.2698344507575756,0.04449764312934027
CVD3_P04085,P04085,PDGFA,0.20893464285714192,1.0,0.15123981060605995,1.0
CVD3_P04275,P04275,VWF,0.40818121428571175,0.6938734722593168,0.34850731060606144,1.0
CVD3_P05107,P05107,ITGB2,0.1643470357142851,0.6667666625243716,0.22503304924242418,0.04531346530108938
CVD3_P05121,P05121,SERPINE1,0.5408485000000001,0.0002721760908434606,0.5072291098484856,0.0013670466031203506
CVD3_P05164,P05164,MPO,0.1865099999999993,0.06962152583786675,0.19041899621212277,0.04174206043416332
CVD3_P07339,P07339,CTSD,0.4879843571428566,4.529502850727651e-09,0.46669566287878794,1.6923141310617196e-08
CVD3_P08253,P08253,MMP2,-0.026529035714286664,1.0,-0.06238861742424362,1.0
CVD3_P08254,P08254,MMP3,-0.10775410714285716,1.0,-0.2005441098484848,0.40768165707456083
CVD3_P08833,P08833,IGFBP1,-0.26013357142857085,0.9306708281176274,-0.01723954545454376,1.0
CVD3_P08887,P08887,IL6R,0.08547728571428514,1.0,0.0693436742424236,1.0
CVD3_P10451,P10451,SPP1,-0.0110535357142858,1.0,0.04334407196969803,1.0
CVD3_P10646,P10646,TFPI,-0.03754750000000051,1.0,-0.05078359848484659,1.0
CVD3_P13500,P13500,CCL2,0.16390853571428643,0.010672745204844057,0.11994147727272697,0.5407573132140905
CVD3_P13598,P13598,ICAM2,0.07675117857142766,1.0,0.023681382575756693,1.0
CVD3_P13686,P13686,ACP5,0.23150439285714253,0.0005237583598397038,0.24079359848484838,0.013261862203766865
CVD3_P14778,P14778,IL1R1,0.13772789285714282,0.23834329418502306,0.10442729166666798,1.0
CVD3_P14780,P14780,MMP9,0.4556220357142866,0.0016785833450790348,0.31660174242424244,0.13352587694968404
CVD3_P15085,P15085,CPA1,0.23681810714285767,0.6770987037156817,-0.09024479166666755,1.0
CVD3_P15086,P15086,CPB1,0.16959203571428727,1.0,-0.15728606060606065,1.0
CVD3_P15090,P15090,FABP4,0.8532745000000013,2.624161974489619e-07,0.7627890909090889,1.8706714220545648e-05
CVD3_P15144,P15144,ANPEP,0.053826214285715324,1.0,0.05586549242424255,1.0
CVD3_P16109,P16109,SELP,0.2396130714285718,0.8321283306857126,0.2403607007575772,0.9974784541684732
CVD3_P16284,P16284,PECAM1,0.26453732142857156,0.6506363866940784,0.18334640151515114,1.0
CVD3_P16422,P16422,EPCAM,-0.6458905714285725,0.0002780201806240757,-0.7063946969696966,0.0015459343136772052
CVD3_P16581,P16581,SELE,0.7154612857142855,2.044614214865913e-08,0.6608162499999999,1.4835486462650386e-07
CVD3_P17931,P17931,LGALS3,0.16737007142857152,0.139968979343103,0.09535484848484721,1.0
CVD3_P18065,P18065,IGFBP2,-0.5911447857142864,9.357280760227484e-06,-0.5376366477272736,0.00025138791133757685
CVD3_P19438,P19438,TNFRSF1A,0.3085533214285707,0.00017790541153809555,0.23363501893939453,0.07955629437709773
CVD3_P19957,P19957,PI3,0.18974164285714235,0.1831398910613481,0.24533070075757513,0.04431283708572804
CVD3_P20160,P20160,AZU1,,,,
CVD3_P20333,P20333,TNFRSF1B,0.313296321428572,5.25092996915106e-05,0.22736232954545432,0.05173342391899723
CVD3_P24158,P24158,PRTN3,0.23959824999999935,0.027246540847775075,0.1811890719696958,0.5114573493211172
CVD3_P25445,P25445,FAS,0.20621753571428592,0.019452299329151487,0.13647022727272784,0.7230049463679283
CVD3_P27930,P27930,IL1R2,0.22489450000000133,0.008137945162271476,0.20876462121212302,0.04469022748769439
CVD3_P28799,P28799,GRN,0.20353992857142789,0.0026704043646767405,0.120962746212121,0.3618298133545433
CVD3_P30530,P30530,AXL,0.1022383928571422,0.6938734722593168,0.11775935606060628,1.0
CVD3_P33151,P33151,CDH5,0.027382678571430397,1.0,0.017815757575756486,1.0
CVD3_P35247,P35247,SFTPD,-0.07197992857142754,1.0,-0.21578367424242462,0.6759880223938131
CVD3_P36222,P36222,CHI3L1,0.6090848571428573,4.421326822585814e-06,0.5509602840909098,0.0003275241781776073
CVD3_P36941,P36941,LTBR,0.09000928571428446,1.0,0.019720397727272854,1.0
CVD3_P42574,P42574,CASP3,0.23662685714285736,1.0,0.16052160984848385,1.0
CVD3_P54760,P54760,EPHB4,0.10363360714285719,0.5410990537235945,0.06442348484848548,1.0
CVD3_P56470,P56470,LGALS4,0.662239535714285,7.374939994895873e-10,0.6580816666666669,7.504678187718871e-09
CVD3_P78324,P78324,SIRPA,0.13119553571428622,0.5713598516380718,0.09215193181818115,1.0
CVD3_P80370,P80370,DLK1,0.14987367857142875,0.9306708281176274,0.10677433712121243,1.0
CVD3_P98160,P98160,HSPG2,0.13854428571428556,0.4566990479321535,0.06545655303030173,1.0
CVD3_Q01638,Q01638,IL1RL1,0.2734794642857139,0.014383365631076324,0.2855339962121226,0.015850316757571193
CVD3_Q03405,Q03405,PLAUR,0.2666249285714297,0.0004440101726888528,0.22915541666666694,0.00511468366871395
CVD3_Q07654,Q07654,TFF3,0.19982450000000007,0.2520002625324235,-0.015869924242423394,1.0
CVD3_Q12860,Q12860,CNTN1,-0.045808392857142444,1.0,-0.03674664772727265,1.0
CVD3_Q13231,Q13231,CHIT1,0.1864367499999986,1.0,0.2473066856060635,1.0
CVD3_Q13740,Q13740,ALCAM,0.11884174999999875,0.34724037245888034,0.11326185606060601,0.7199040987130446
CVD3_Q13867,Q13867,BLMH,0.06494510714285706,1.0,0.006022537878789258,1.0
CVD3_Q15166,Q15166,PON3,-0.8380779642857146,2.2956936077817994e-10,-0.9165987878787876,8.509257823491395e-11
CVD3_Q16270,Q16270,IGFBP7,0.14102542857143163,0.1116688016862203,0.14980524621212332,0.7084412392129655
CVD3_Q16663,Q16663,CCL15,0.2156189642857127,0.03938652973236575,0.18746490530303017,0.18962949082147187
CVD3_Q5T2D2,Q5T2D2,TREML2,0.09784257142857289,1.0,0.05007111742424186,1.0
CVD3_Q86VB7,Q86VB7,CD163,0.3934756071428591,0.00017790541153809555,0.423524242424242,0.00021442050513600277
CVD3_Q8NBP7,Q8NBP7,PCSK9,0.19900539285714292,0.03295847732103301,0.15808047348484866,0.4690516344424749
CVD3_Q92876,Q92876,KLK6,-0.14711182142857204,0.10504561157783279,-0.1293245833333332,0.22203685596437195
CVD3_Q92956,Q92956,TNFRSF14,0.25241364285714507,0.09973583997215578,0.19953102272727463,0.3618298133545433
CVD3_Q96F46,Q96F46,IL17RA,0.23427978571428554,0.1966265656487707,0.13434234848485005,1.0
CVD3_Q96PL1,Q96PL1,SCGB3A2,-0.34608139285714223,0.001137783258854919,-0.37058143939393906,0.00877982141353559
CVD3_Q99727,Q99727,TIMP4,-0.03405771428571569,1.0,-0.025292821969697066,1.0
CVD3_Q99969,Q99969,RARRES2,0.20058696428571565,0.01040384425900809,0.13091706439393747,0.289442349872702
CVD3_Q99988,Q99988,GDF15,0.7575023571428572,5.323718298927561e-11,0.6024698295454538,6.764995260607968e-07
CVD3_Q9H2A7,Q9H2A7,CXCL16,0.14532867857142762,0.08079930627097873,0.09551778409090872,0.9888607644569839
CVD3_Q9HCB6,Q9HCB6,SPON1,0.07108439285714274,0.3146822991688033,0.09797539772727282,0.6447342243044091
CVD3_Q9HCN6,Q9HCN6,GP6,,,,
CVD3_Q9HD89,Q9HD89,RETN,0.19814778571428526,0.08515576283611971,0.1893681060606065,0.34094141122605526
CVD3_Q9NPY3,Q9NPY3,CD93,-0.03529907142857169,1.0,-0.12048763257575601,0.1532732892967466
CVD3_Q9NQ76,Q9NQ76,MEPE,-0.1953910357142874,0.03938652973236575,-0.2803046969696972,0.0047063914548919564
CVD3_Q9UBR2,Q9UBR2,CTSZ,0.3365508928571428,7.852134401837863e-06,0.2762353219696969,0.003052006942545525
CVD3_Q9UM47,Q9UM47,NOTCH3,-0.12963449999999987,1.0,-0.17071321969697006,0.04531346530108938
CVD3_Q9Y275,Q9Y275,TNFSF13B,0.08312025000000034,1.0,0.027229924242424097,1.0
CVD3_Q9Y624,Q9Y624,F11R,0.3540190357142867,0.9671772264855136,0.18237085227272587,1.0
DEV_O00241,O00241,SIRPB1,,,,
DEV_O00339,O00339,MATN2,,,,
DEV_O00585,O00585,CCL21,,,,
DEV_O14773,O14773,TPP1,,,,
DEV_O43278,O43278,SPINT1,,,,
DEV_O43291,O43291,SPINT2,,,,
DEV_O43405,O43405,COCH,,,,
DEV_O43464,O43464,HTRA2,,,,
DEV_O43505,O43505,B3GNT1,,,,
DEV_O75326,O75326,SEMA7A,,,,
DEV_O95633,O95633,FSTL3,,,,
DEV_O95721,O95721,SNAP29,,,,
DEV_P00918,P00918,CA2,,,,
DEV_P00995,P00995,SPINK1,,,,
DEV_P01215,P01215,CGA,,,,
DEV_P04066,P04066,FUCA1,,,,
DEV_P04233,P04233,CD74,,,,
DEV_P05067,P05067,APP,,,,
DEV_P05556,P05556,ITGB1,,,,
DEV_P06734,P06734,FCER2,,,,
DEV_P07237,P07237,P4HB,,,,
DEV_P08118,P08118,MSMB,,,,
DEV_P08236,P08236,GUSB,,,,
DEV_P08648,P08648,ITGA5,,,,
DEV_P09619,P09619,PDGFRB,,,,
DEV_P10586,P10586,PTPRF,,,,
DEV_P11717,P11717,IGF2R,,,,
DEV_P14174,P14174,MIF,,,,
DEV_P15289,P15289,ARSA,,,,
DEV_P15291,P15291,B4GALT1,,,,
DEV_P16112,P16112,ACAN,,,,
DEV_P19256,P19256,CD58,,,,
DEV_P23280,P23280,CA6,,,,
DEV_P23284,P23284,PPIB,,,,
DEV_P24387,P24387,CRHBP,,,,
DEV_P29350,P29350,PTPN6,,,,
DEV_P30043,P30043,BLVRB,,,,
DEV_P30086,P30086,PEBP1,,,,
DEV_P31948,P31948,STIP1,,,,
DEV_P47712,P47712,PLA2G4A,,,,
DEV_P48745,P48745,NOV,,,,
DEV_P48960,P48960,CD97,,,,
DEV_P50895,P50895,BCAM,,,,
DEV_P55103,P55103,INHBC,,,,
DEV_P55808,P55808,XG,,,,
DEV_P63313,P63313,TMSB10,,,,
DEV_P78552,P78552,IL13RA1,,,,
DEV_Q02487,Q02487,DSC2,,,,
DEV_Q07108,Q07108,CD69,,,,
DEV_Q08431,Q08431,MFGE8,,,,
DEV_Q10588,Q10588,BST1,,,,
"DEV_Q11128,P21217","Q11128,P21217","FUT5,FUT3",,,,
DEV_Q14112,Q14112,NID2,,,,
DEV_Q14118,Q14118,DAG1,,,,
DEV_Q14162,Q14162,SCARF1,,,,
DEV_Q14696,Q14696,MESDC2,,,,
DEV_Q15828,Q15828,CST6,,,,
DEV_Q16363,Q16363,LAMA4,,,,
DEV_Q4KMG0,Q4KMG0,CDON,,,,
DEV_Q5KU26,Q5KU26,COLEC12,,,,
DEV_Q5VY43,Q5VY43,PEAR1,,,,
DEV_Q6GTX8,Q6GTX8,LAIR1,,,,
DEV_Q6UXG3,Q6UXG3,CD300LG,,,,
DEV_Q6UXH1,Q6UXH1,CRELD2,,,,
DEV_Q6UXH9,Q6UXH9,PAMR1,,,,
DEV_Q6YHK3,Q6YHK3,CD109,,,,
DEV_Q86T13,Q86T13,CLEC14A,,,,
DEV_Q8IWV2,Q8IWV2,CNTN4,,,,
DEV_Q8N6Q3,Q8N6Q3,CD177,,,,
DEV_Q8TCZ2,Q8TCZ2,CD99L2,,,,
DEV_Q8TDQ0,Q8TDQ0,HAVCR2,,,,
DEV_Q8TEU8,Q8TEU8,WFIKKN2,,,,
DEV_Q969Z4,Q969Z4,RELT,,,,
DEV_Q96AP7,Q96AP7,ESAM,,,,
DEV_Q96QR1,Q96QR1,SCGB3A1,,,,
DEV_Q96RD9,Q96RD9,FCRL5,,,,
DEV_Q99497,Q99497,PARK7,,,,
DEV_Q99538,Q99538,LGMN,,,,
DEV_Q99972,Q99972,MYOC,,,,
DEV_Q99983,Q99983,OMD,,,,
DEV_Q9BY76,Q9BY76,ANGPTL4,,,,
DEV_Q9NNX6,Q9NNX6,CD209,,,,
DEV_Q9NQ38,Q9NQ38,SPINK5,,,,
DEV_Q9NZV1,Q9NZV1,CRIM1,,,,
DEV_Q9UBP4,Q9UBP4,DKK3,,,,
DEV_Q9UBX1,Q9UBX1,CTSF,,,,
DEV_Q9UKJ1,Q9UKJ1,PILRA,,,,
DEV_Q9UKK9,Q9UKK9,NUDT5,,,,
DEV_Q9Y240,Q9Y240,CLEC11A,,,,
DEV_Q9Y279,Q9Y279,VSIG4,,,,
DEV_Q9Y6N7,Q9Y6N7,ROBO1,,,,
INF_O00300,O00300,TNFRSF11B,0.19139080357142824,0.06111450445403413,0.2374282575757558,0.017360654901634527
INF_O14625,O14625,CXCL11,0.2074636607142848,1.0,0.15762486742424286,1.0
INF_O14788,O14788,TNFSF11,-0.08335542857142908,1.0,-0.07671196969697114,1.0
INF_O15169,O15169,AXIN1,0.29833787500000053,1.0,0.5172976136363632,0.3463456761290601
INF_O15444,O15444,CCL25,0.012951910714285475,1.0,0.04839375000000068,1.0
INF_O43508,O43508,TNFSF12,-0.2019727499999977,0.0025089445131037656,-0.1423282196969673,0.04174206043416332
INF_O43557,O43557,TNFSF14,0.3171785000000016,0.04222208865477109,0.3279007954545454,0.04489046736852462
INF_O95630,O95630,STAMBP,0.3092494107142869,1.0,0.3630735416666653,0.8334657703008813
INF_O95750,O95750,FGF19,-0.21739742857142907,1.0,-0.015737462121211188,1.0
INF_O95760,O95760,IL33,0.029835464285714153,0.23100564081961225,-0.03173827651515149,1.0
INF_P00749,P00749,PLAU,-0.09487001785714,0.7867282849456403,-0.027985075757575473,1.0
INF_P00813,P00813,ADA,0.067949642857144,1.0,0.09898852272727332,1.0
INF_P01135,P01135,TGFA,0.13274160714285754,0.2520002625324235,0.08480570075757576,1.0
INF_P01137,P01137,TGFB1,0.19597130357143033,0.7515954368220199,0.2917350568181796,0.04112713054820646
INF_P01138,P01138,NGF,0.020651428571428765,1.0,0.005801609848484768,1.0
INF_P01374,P01374,LTA,0.008228732142857353,1.0,0.08199015151515177,0.9104510335339048
INF_P01375,P01375,TNF,0.00593705357142843,0.7186728107544064,-0.06913941287878783,1.0
INF_P01579,P01579,IFNG,-0.03570828571428575,0.7364295232609713,-0.0026014015151516467,1.0
INF_P01583,P01583,IL1A,-0.07648074999999988,1.0,-0.17298160984848499,0.7120313837048269
INF_P01732,P01732,CD8A,,,,
INF_P02778,P02778,CXCL10,0.24615108928571416,0.08222730853756437,0.16401140151515214,0.4000701204182493
INF_P03956,P03956,MMP1,0.358101410714287,0.16906304579973364,0.23548952651515265,0.8246117150399157
INF_P05112,P05112,IL4,0.30828703571428573,0.6583524652950328,0.040395340909090915,1.0
INF_P05113,P05113,IL5,0.25526708928571434,1.0,0.22971645833333332,1.0
INF_P05231,P05231,IL6,0.591236053571428,1.476561093304387e-05,0.6225054166666664,0.00022763710050067377
INF_P06127,P06127,CD5,0.17266407142857165,0.06565689445283132,0.15911981060606006,0.12243679318476881
INF_P09238,P09238,MMP10,0.24936382142857205,0.05670338705834176,0.020086439393939948,1.0
INF_P09341,P09341,CXCL1,0.2505595714285729,0.4544693270491372,0.3694073674242411,0.22203685596437195
INF_P09603,P09603,CSF1,0.12576649999999745,0.010672745204844057,0.08898250000000196,0.4181475201673274
INF_P10145,P10145,IL8,0.2599580892857132,0.0347950989843596,0.31121526515151654,0.025209465735058487
INF_P10147,P10147,CCL3,0.45567926785714263,0.000535568371541277,0.39438575757575767,0.00042910323010397945
INF_P13232,P13232,IL7,0.0930766785714292,1.0,0.08532768939394009,1.0
INF_P13236,P13236,CCL4,0.16409585714285724,1.0,0.21717446969696885,0.38050797577989187
INF_P13500,P13500,CCL2,0.16296592857142755,0.1180493634657609,0.14016827651515307,0.1975706977389006
INF_P13725,P13725,OSM,0.6425981071428568,0.0002439718148803121,0.5221037121212113,0.016758092772192774
INF_P14210,P14210,HGF,0.42308096428571496,8.635524855674144e-07,0.42951185606060704,1.6368074699734448e-06
INF_P14784,P14784,IL2RB,-0.06285526785714257,1.0,-0.04147931818181827,1.0
INF_P15018,P15018,LIF,0.141739375,0.9347794800146726,-0.006889943181818181,1.0
INF_P15692,P15692,VEGFA,0.21028357142857068,0.14152966928784866,0.2533187121212137,0.03161452904717732
INF_P20783,P20783,NTF3,-0.008333339285714114,1.0,0.024477689393938906,1.0
INF_P21583,P21583,KITLG,-0.1605901964285703,0.2582505518137769,-0.2346507196969707,0.036456019836668144
INF_P22301,P22301,IL10,0.22503071428571353,0.139968979343103,0.13313518939393942,0.32031298047942175
INF_P25942,P25942,CD40,0.25640746428571504,0.7867282849456403,0.3303904166666669,0.15411810898889028
INF_P28325,P28325,CST5,-0.13995280357142814,0.3978633284785874,-0.002240946969697788,1.0
INF_P29460,P29460,IL12B,0.21692719642857128,0.139968979343103,0.24582893939393902,0.13742705008944747
INF_P35225,P35225,IL13,-0.01835414285714286,1.0,-0.061489507575757565,1.0
INF_P39905,P39905,GDNF,0.11097171428571473,0.8374896407572747,0.18355446969696976,0.04174206043416332
INF_P42702,P42702,LIFR,0.1030539642857149,0.3179012199533886,0.16764748106060612,0.010523394720506106
INF_P42830,P42830,CXCL5,0.10119110714285817,1.0,0.23057395833333416,1.0
INF_P49771,P49771,FLT3LG,-0.04156519642857148,1.0,0.047870757575758205,1.0
INF_P50225,P50225,SULT1A1,0.2727421607142859,1.0,0.2651425568181818,1.0
INF_P50591,P50591,TNFSF10,-0.045459089285712295,1.0,-0.0479737878787887,1.0
INF_P51671,P51671,CCL11,0.2336518571428554,0.1331824592581337,0.18221874999999965,0.9974784541684732
INF_P55773,P55773,CCL23,-0.1470680535714326,0.2663332334980789,-0.203633257575758,0.06467632764696052
INF_P60568,P60568,IL2,-0.004849571428571342,1.0,-0.044886988636363645,1.0
INF_P78423,P78423,CX3CL1,-0.09967196428571334,0.5623551824385885,-0.12444124999999939,0.4712774890418595
INF_P78556,P78556,CCL20,0.601577375,0.02260649593218993,0.7515019318181821,0.008527274742810488
INF_P80075,P80075,CCL8,0.12764708928571444,1.0,0.17291507575757592,1.0
INF_P80098,P80098,CCL7,0.4216627678571432,7.852134401837863e-06,0.32606854166666643,0.0008134127355348599
INF_P80162,P80162,CXCL6,0.29843783928571277,0.3146822991688033,0.3540118939393935,0.38485173338802264
INF_P80511,P80511,S100A12,0.030922160714285107,1.0,-0.09083424242424254,1.0
INF_Q07011,Q07011,TNFRSF9,-0.016777767857142578,1.0,-0.006799053030301927,1.0
INF_Q07325,Q07325,CXCL9,0.14005205357142803,1.0,0.13550564393939357,1.0
INF_Q08334,Q08334,IL10RB,0.07508178571428559,1.0,0.16198950757575759,0.0952601761737259
INF_Q13007,Q13007,IL24,-0.025643535714285806,1.0,0.008009223484848477,1.0
INF_Q13261,Q13261,IL15RA,0.05034744642857114,1.0,0.01421761363636409,1.0
INF_Q13291,Q13291,SLAMF1,0.3179168571428561,0.00025472641108736753,0.44618346590909086,2.7272067327053372e-06
INF_Q13478,Q13478,IL18R1,0.5651647857142876,4.529502850727651e-09,0.5776543560606058,6.837137406391538e-09
INF_Q13541,Q13541,EIF4EBP1,0.3843205178571427,0.2781437340813657,0.38147115530303033,0.32209064928674136
INF_Q13651,Q13651,IL10RA,0.016385821428571035,1.0,0.07767596590909065,1.0
INF_Q14116,Q14116,IL18,0.19486757142857059,0.0901644187033675,0.2619915719696966,0.015850316757571193
INF_Q14790,Q14790,CASP8,0.11758769642857159,1.0,-0.041798920454544586,1.0
INF_Q16552,Q16552,IL17A,0.16219742857142844,0.23100564081961225,0.07944977272727283,1.0
INF_Q5T4W7,Q5T4W7,ARTN,0.05945442857142863,0.1331824592581337,0.06889831439393937,1.0
INF_Q8IXJ6,Q8IXJ6,SIRT2,0.2611259107142869,1.0,0.3143751515151525,1.0
INF_Q8N6P7,Q8N6P7,IL22RA1,-0.072390875,1.0,-0.1438911363636364,1.0
INF_Q8NF90,Q8NF90,FGF5,-0.0006663571428568993,1.0,-0.019690852272727488,1.0
INF_Q8NFT8,Q8NFT8,DNER,-0.1507242499999979,0.013159840050845193,-0.11523147727272587,0.1756279163610248
INF_Q8WWJ7,Q8WWJ7,CD6,0.08982153571428597,1.0,0.1844437121212117,0.38050797577989187
INF_Q969D9,Q969D9,TSLP,0.09379810714285712,1.0,-0.048321742424242434,1.0
INF_Q99616,Q99616,CCL13,0.293947124999999,0.1377133296207208,0.27967410984848584,0.05826614979485315
INF_Q99731,Q99731,CCL19,0.5066043214285738,0.00042964810672439595,0.41510143939393984,0.04174206043416332
INF_Q99748,Q99748,NRTN,-0.011165446428571535,1.0,-0.04455659090909081,1.0
INF_Q9BZW8,Q9BZW8,CD244,0.15996117857142877,0.9306708281176274,0.26803087121212066,0.0251575537570187
INF_Q9GZV9,Q9GZV9,FGF23,0.252178035714286,0.08181380319825286,0.2960148106060605,0.1582531862255093
INF_Q9H5V8,Q9H5V8,CDCP1,0.5097542142857137,8.801287191947257e-06,0.6586323295454553,1.970509196661485e-08
INF_Q9NRJ3,Q9NRJ3,CCL28,0.011509571428571341,1.0,0.007855189393939366,1.0
INF_Q9NSA1,Q9NSA1,FGF21,1.075968017857142,4.56036620524577e-05,1.249848749999999,8.77692295563608e-07
INF_Q9NYY1,Q9NYY1,IL20,-0.008335678571428584,1.0,0.0058717424242422656,1.0
INF_Q9NZQ7,Q9NZQ7,CD274,0.1413656785714279,0.7153831423144846,0.26608191287878746,0.27401589667744797
INF_Q9P0M4,Q9P0M4,IL17C,0.07284946428571404,0.5886225874199181,0.11863715909090922,1.0
INF_Q9UHF4,Q9UHF4,IL20RA,-0.0200995,1.0,-0.055440227272727266,1.0
IRE_O00273,O00273,DFFA,,,,
IRE_O14867,O14867,BACH1,,,,
IRE_O43597,O43597,SPRY2,,,,
IRE_O43736,O43736,ITM2A,,,,
IRE_O60449,O60449,LY75,,,,
IRE_O60880,O60880,SH2D1A,,,,
IRE_O75475,O75475,PSIP1,,,,
IRE_O76036,O76036,NCR1,,,,
IRE_O94992,O94992,HEXIM1,,,,
IRE_O95786,O95786,DDX58,,,,
IRE_P05113,P05113,IL5,,,,
IRE_P05231,P05231,IL6,,,,
IRE_P05412,P05412,JUN,,,,
IRE_P08727,P08727,KRT19,,,,
IRE_P09038,P09038,FGF2,,,,
IRE_P10747,P10747,CD28,,,,
IRE_P14317,P14317,HCLS1,,,,
IRE_P15514,P15514,"AREG,AREGB",,,,
IRE_P16278,P16278,GLB1,,,,
IRE_P16455,P16455,MGMT,,,,
IRE_P18564,P18564,ITGB6,,,,
IRE_P18627,P18627,LAG3,,,,
IRE_P19474,P19474,TRIM21,,,,
IRE_P22301,P22301,IL10,,,,
IRE_P23229,P23229,ITGA6,,,,
IRE_P27540,P27540,ARNT,,,,
IRE_P28845,P28845,HSD11B1,,,,
IRE_P30044,P30044,PRDX5,,,,
IRE_P30048,P30048,PRDX3,,,,
IRE_P34130,P34130,NTF4,,,,
IRE_P35240,P35240,NF2,,,,
IRE_P42701,P42701,IL12RB1,,,,
IRE_P48061,P48061,CXCL12,,,,
IRE_P48740,P48740,MASP1,,,,
IRE_P50135,P50135,HNMT,,,,
IRE_P51617,P51617,IRAK1,,,,
IRE_P51671,P51671,CCL11,,,,
IRE_P52294,P52294,KPNA1,,,,
IRE_P52823,P52823,STC1,,,,
IRE_P58499,P58499,FAM3B,,,,
IRE_P63241,P63241,EIF5A,,,,
IRE_P78310,P78310,CXADR,,,,
IRE_P78362,P78362,SRPK2,,,,
IRE_P78410,P78410,BTN3A2,,,,
IRE_Q00978,Q00978,IRF9,,,,
IRE_Q01151,Q01151,CD83,,,,
IRE_Q03431,Q03431,PTH1R,,,,
IRE_Q04637,Q04637,EIF4G1,,,,
IRE_Q04759,Q04759,PRKCQ,,,,
IRE_Q05084,Q05084,ICA1,,,,
IRE_Q05516,Q05516,ZBTB16,,,,
IRE_Q06830,Q06830,PRDX1,,,,
IRE_Q07065,Q07065,CKAP4,,,,
IRE_Q12933,Q12933,TRAF2,,,,
IRE_Q12968,Q12968,NFATC3,,,,
IRE_Q13241,Q13241,KLRD1,,,,
IRE_Q13490,Q13490,BIRC2,,,,
IRE_Q13574,Q13574,DGKZ,,,,
IRE_Q14203,Q14203,DCTN1,,,,
IRE_Q14435,Q14435,GALNT3,,,,
IRE_Q15517,Q15517,CDSN,,,,
IRE_Q15661,Q15661,TPSAB1,,,,
IRE_Q6DN72,Q6DN72,FCRL6,,,,
IRE_Q6EIG7,Q6EIG7,CLEC6A,,,,
IRE_Q6UXB4,Q6UXB4,CLEC4G,,,,
IRE_Q6ZUJ8,Q6ZUJ8,PIK3AP1,,,,
IRE_Q7Z6M3,Q7Z6M3,MILR1,,,,
IRE_Q8IU57,Q8IU57,IFNLR1,,,,
IRE_Q8N608,Q8N608,DPP10,,,,
IRE_Q8NHJ6,Q8NHJ6,LILRB4,,,,
IRE_Q8WTT0,Q8WTT0,CLEC4C,,,,
IRE_Q8WXI8,Q8WXI8,CLEC4D,,,,
IRE_Q92844,Q92844,TANK,,,,
IRE_Q96DB9,Q96DB9,FXYD5,,,,
IRE_Q96P31,Q96P31,FCRL3,,,,
IRE_Q96PD2,Q96PD2,DCBLD2,,,,
IRE_Q96SB3,Q96SB3,PPP1R9B,,,,
IRE_Q9BXN2,Q9BXN2,CLEC7A,,,,
IRE_Q9C035,Q9C035,TRIM5,,,,
IRE_Q9GZT9,Q9GZT9,EGLN1,,,,
IRE_Q9HCM2,Q9HCM2,PLXNA4,,,,
IRE_Q9NP99,Q9NP99,TREM1,,,,
IRE_Q9NWZ3,Q9NWZ3,IRAK4,,,,
IRE_Q9UHC6,Q9UHC6,CNTNAP2,,,,
IRE_Q9UKX5,Q9UKX5,ITGA11,,,,
IRE_Q9UMR7,Q9UMR7,CLEC4A,,,,
IRE_Q9UN19,Q9UN19,DAPP1,,,,
IRE_Q9UNE0,Q9UNE0,EDAR,,,,
IRE_Q9UQQ2,Q9UQQ2,SH2B3,,,,
IRE_Q9UQV4,Q9UQV4,LAMP3,,,,
IRE_Q9Y2J8,Q9Y2J8,PADI2,,,,
IRE_Q9Y3P8,Q9Y3P8,SIT1,,,,
MET_A6NI73,A6NI73,LILRA5,,,,
MET_NT-proBNP,NT-proBNP,NT-proBNP,,,,
MET_O00161,O00161,SNAP23,,,,
MET_O15123,O15123,ANGPT2,,,,
MET_O43240,O43240,KLK10,,,,
MET_O43827,O43827,ANGPTL7,,,,
MET_O75356,O75356,ENTPD5,,,,
MET_O75791,O75791,GRAP2,,,,
MET_O95502,O95502,NPTXR,,,,
MET_O95544,O95544,NADK,,,,
MET_O95841,O95841,ANGPTL1,,,,
MET_P00352,P00352,ALDH1A1,,,,
MET_P01222,P01222,TSHB,,,,
MET_P05089,P05089,ARG1,,,,
MET_P09104,P09104,ENO2,,,,
MET_P09417,P09417,QDPR,,,,
MET_P09467,P09467,FBP1,,,,
MET_P09525,P09525,ANXA4,,,,
MET_P09668,P09668,CTSH,,,,
MET_P12724,P12724,RNASE3,,,,
MET_P13611,P13611,VCAN,,,,
MET_P16083,P16083,NQO2,,,,
MET_P19022,P19022,CDH2,,,,
MET_P19971,P19971,TYMP,,,,
MET_P20711,P20711,DDC,,,,
MET_P21964,P21964,COMT,,,,
MET_P22466,P22466,GAL,,,,
MET_P23526,P23526,AHCY,,,,
MET_P25815,P25815,S100P,,,,
MET_P26010,P26010,ITGB7,,,,
MET_P27695,P27695,APEX1,,,,
MET_P29017,P29017,CD1C,,,,
MET_P31431,P31431,SDC4,,,,
MET_P35237,P35237,SERPINB6,,,,
MET_P35754,P35754,GLRX,,,,
MET_P40259,P40259,CD79B,,,,
MET_P40818,P40818,USP8,,,,
MET_P41236,P41236,PPP1R2,,,,
MET_P43234,P43234,CTSO,,,,
MET_P46109,P46109,CRKL,,,,
MET_P46379,P46379,BAG6,,,,
MET_P50452,P50452,SERPINB8,,,,
MET_P50995,P50995,ANXA11,,,,
MET_P51693,P51693,APLP1,,,,
MET_P51858,P51858,HDGF,,,,
MET_P52888,P52888,THOP1,,,,
MET_P98082,P98082,DAB2,,,,
MET_Q01973,Q01973,ROR1,,,,
MET_Q02790,Q02790,FKBP4,,,,
MET_Q03403,Q03403,TFF2,,,,
MET_Q04900,Q04900,CD164,,,,
MET_Q06418,Q06418,TYRO3,,,,
MET_Q13275,Q13275,SEMA3F,,,,
MET_Q15155,Q15155,NOMO1,,,,
MET_Q15846,Q15846,CLUL1,,,,
MET_Q16773,Q16773,CCBL1,,,,
MET_Q16820,Q16820,MEP1B,,,,
MET_Q641Q3,Q641Q3,METRNL,,,,
MET_Q6UWV6,Q6UWV6,ENPP7,,,,
MET_Q6WN34,Q6WN34,CHRDL2,,,,
MET_Q76M96,Q76M96,CCDC80,,,,
MET_Q86VZ4,Q86VZ4,LRP11,,,,
MET_Q8IZP9,Q8IZP9,GPR64,,,,
MET_Q8N1Q1,Q8N1Q1,CA13,,,,
MET_Q8NBJ7,Q8NBJ7,SUMF2,,,,
MET_Q8NBS9,Q8NBS9,TXNDC5,,,,
MET_Q8NI22,Q8NI22,MCFD2,,,,
MET_Q8WTU2,Q8WTU2,SRCRB4D,,,,
MET_Q8WVQ1,Q8WVQ1,CANT1,,,,
MET_Q8WX77,Q8WX77,IGFBPL1,,,,
MET_Q92520,Q92520,FAM3C,,,,
MET_Q92692,Q92692,PVRL2,,,,
MET_Q96JA1,Q96JA1,LRIG1,,,,
MET_Q96LA6,Q96LA6,FCRL1,,,,
MET_Q9BQB4,Q9BQB4,SOST,,,,
MET_Q9BYZ8,Q9BYZ8,REG4,,,,
MET_Q9BZR6,Q9BZR6,RTN4R,,,,
MET_Q9GZM7,Q9GZM7,TINAGL1,,,,
MET_Q9H4D0,Q9H4D0,CLSTN2,,,,
MET_Q9H6B4,Q9H6B4,CLMP,,,,
MET_Q9HBB8,Q9HBB8,CDHR5,,,,
MET_Q9NPH0,Q9NPH0,ACP6,,,,
MET_Q9NQX5,Q9NQX5,NPDC1,,,,
MET_Q9NR28,Q9NR28,DIABLO,,,,
MET_Q9NWQ8,Q9NWQ8,PAG1,,,,
MET_Q9NY25,Q9NY25,CLEC5A,,,,
MET_Q9UBU3,Q9UBU3,GHRL,,,,
MET_Q9UHL4,Q9UHL4,DPP7,,,,
MET_Q9UHX3,Q9UHX3,EMR2,,,,
MET_Q9UKJ0,Q9UKJ0,PILRB,,,,
MET_Q9Y286,Q9Y286,SIGLEC7,,,,
MET_Q9Y5K6,Q9Y5K6,CD2AP,,,,
NEU1_O00214,O00214,LGALS8,,,,
NEU1_O14594,O14594,NCAN,,,,
NEU1_O14793,O14793,MSTN,,,,
NEU1_O15197,O15197,EPHB6,,,,
NEU1_O15232,O15232,MATN3,,,,
NEU1_O43155,O43155,FLRT2,,,,
NEU1_O43157,O43157,PLXNB1,,,,
NEU1_O43561,O43561,LAT,,,,
NEU1_O60462,O60462,NRP2,,,,
NEU1_O60609,O60609,GFRA3,,,,
NEU1_O75077,O75077,ADAM23,,,,
NEU1_O75509,O75509,TNFRSF21,,,,
NEU1_O94779,O94779,CNTN5,,,,
NEU1_O95185,O95185,UNC5C,,,,
NEU1_O95727,O95727,CRTAM,,,,
NEU1_P01138,P01138,NGF,,,,
NEU1_P04216,P04216,THY1,,,,
NEU1_P08473,P08473,MME,,,,
NEU1_P09919,P09919,CSF3,,,,
NEU1_P10636,P10636,MAPT,,,,
NEU1_P12544,P12544,GZMA,,,,
NEU1_P12644,P12644,BMP4,,,,
NEU1_P14384,P14384,CPM,,,,
NEU1_P15151,P15151,PVR,,,,
NEU1_P15311,P15311,EZR,,,,
NEU1_P15509,P15509,CSF2RA,,,,
NEU1_P16234,P16234,PDGFRA,,,,
NEU1_P17405,P17405,SMPD1,,,,
NEU1_P21757,P21757,MSR1,,,,
NEU1_P22223,P22223,CDH3,,,,
NEU1_P25774,P25774,CTSS,,,,
NEU1_P28907,P28907,CD38,,,,
"NEU1_P29460,P29459","P29460,P29459","IL12B,IL12A",,,,
NEU1_P30533,P30533,LRPAP1,,,,
NEU1_P37023,P37023,ACVRL1,,,,
NEU1_P39905,P39905,GDNF,,,,
NEU1_P41217,P41217,CD200,,,,
NEU1_P41271,P41271,NBL1,,,,
NEU1_P48052,P48052,CPA2,,,,
NEU1_P52798,P52798,EFNA4,,,,
NEU1_P53634,P53634,CTSC,,,,
NEU1_P55145,P55145,MANF,,,,
NEU1_P55285,P55285,CDH6,,,,
NEU1_P56159,P56159,GFRA1,,,,
NEU1_P57087,P57087,JAM2,,,,
NEU1_P78333,P78333,GPC5,,,,
NEU1_Q01344,Q01344,IL5RA,,,,
NEU1_Q02083,Q02083,NAAA,,,,
NEU1_Q08345,Q08345,DDR1,,,,
NEU1_Q08629,Q08629,SPOCK1,,,,
NEU1_Q08708,Q08708,CD300C,,,,
NEU1_Q14108,Q14108,SCARB2,,,,
NEU1_Q16288,Q16288,NTRK3,,,,
NEU1_Q16620,Q16620,NTRK2,,,,
NEU1_Q16719,Q16719,KYNU,,,,
NEU1_Q16775,Q16775,HAGH,,,,
NEU1_Q2MKA7,Q2MKA7,RSPO1,,,,
NEU1_Q2TAL6,Q2TAL6,VWC2,,,,
NEU1_Q2VWP7,Q2VWP7,PRTG,,,,
NEU1_Q6ISS4,Q6ISS4,LAIR2,,,,
NEU1_Q6NW40,Q6NW40,RGMB,,,,
NEU1_Q6UX15,Q6UX15,LAYN,,,,
NEU1_Q6ZMJ2,Q6ZMJ2,SCARA5,,,,
NEU1_Q8IUN9,Q8IUN9,CLEC10A,,,,
NEU1_Q8N126,Q8N126,CADM3,,,,
NEU1_Q8NBI3,Q8NBI3,DRAXIN,,,,
NEU1_Q8NFP4,Q8NFP4,MDGA1,,,,
NEU1_Q8TD46,Q8TD46,CD200R1,,,,
NEU1_Q8TDQ1,Q8TDQ1,CD300LF,,,,
NEU1_Q92752,Q92752,TNR,,,,
NEU1_Q92765,Q92765,FRZB,,,,
NEU1_Q92823,Q92823,NRCAM,,,,
NEU1_Q96B86,Q96B86,RGMA,,,,
NEU1_Q96GP6,Q96GP6,SCARF2,,,,
NEU1_Q96GW7,Q96GW7,BCAN,,,,
NEU1_Q96LA5,Q96LA5,FCRL2,,,,
NEU1_Q96NZ8,Q96NZ8,WFIKKN1,,,,
NEU1_Q9BS40,Q9BS40,LXN,,,,
NEU1_Q9BZM5,Q9BZM5,ULBP2,,,,
NEU1_Q9BZZ2,Q9BZZ2,SIGLEC1,,,,
NEU1_Q9H3S3,Q9H3S3,TMPRSS5,,,,
NEU1_Q9H3U7,Q9H3U7,SMOC2,,,,
NEU1_Q9HAN9,Q9HAN9,NMNAT1,,,,
NEU1_Q9HAV5,Q9HAV5,EDA2R,,,,
NEU1_Q9HCK4,Q9HCK4,ROBO2,,,,
NEU1_Q9NP84,Q9NP84,TNFRSF12A,,,,
NEU1_Q9NR71,Q9NR71,ASAH2,,,,
NEU1_Q9P0K1,Q9P0K1,ADAM22,,,,
NEU1_Q9P126,Q9P126,CLEC1B,,,,
NEU1_Q9UBT3,Q9UBT3,DKK4,,,,
NEU1_Q9ULL4,Q9ULL4,PLXNB3,,,,
NEU1_Q9Y336,Q9Y336,SIGLEC9,,,,
NEX_O00308,O00308,WWP2,,,,
NEX_O14944,O14944,EREG,,,,
NEX_O15263,O15263,"DEFB4B,DEFB4A",,,,
NEX_O15496,O15496,PLA2G10,,,,
NEX_O76070,O76070,SNCG,,,,
NEX_O94985,O94985,CLSTN1,,,,
NEX_P06748,P06748,NPM1,,,,
NEX_P07196,P07196,NEFL,,,,
NEX_P07306,P07306,ASGR1,,,,
NEX_P08962,P08962,CD63,,,,
NEX_P09211,P09211,GSTP1,,,,
NEX_P09466,P09466,PAEP,,,,
NEX_P11464,P11464,PSG1,,,,
NEX_P11684,P11684,SCGB1A1,,,,
NEX_P13284,P13284,IFI30,,,,
NEX_P13385,P13385,TDGF1,,,,
NEX_P14207,P14207,FOLR2,,,,
NEX_P14625,P14625,HSP90B1,,,,
NEX_P16444,P16444,DPEP1,,,,
NEX_P18031,P18031,PTPN1,,,,
NEX_P19801,P19801,AOC1,,,,
NEX_P20138,P20138,CD33,,,,
NEX_P21802,P21802,FGFR2,,,,
NEX_P23443,P23443,RPS6KB1,,,,
NEX_P23588,P23588,EIF4B,,,,
NEX_P24001,P24001,IL32,,,,
NEX_P24071,P24071,FCAR,,,,
NEX_P26951,P26951,IL3RA,,,,
NEX_P29218,P29218,IMPA1,,,,
NEX_P30519,P30519,HMOX2,,,,
NEX_P32456,P32456,GBP2,,,,
NEX_P32926,P32926,DSG3,,,,
NEX_P36269,P36269,GGT5,,,,
NEX_P37108,P37108,SRP14,,,,
NEX_P40198,P40198,CEACAM3,,,,
NEX_P40933,P40933,IL15,,,,
NEX_P41208,P41208,CETN2,,,,
NEX_P41227,P41227,NAA10,,,,
NEX_P42892,P42892,ECE1,,,,
NEX_P43628,P43628,KIR2DL3,,,,
NEX_P48357,P48357,LEPR,,,,
NEX_P49789,P49789,FHIT,,,,
NEX_P51452,P51452,DUSP3,,,,
NEX_P52943,P52943,CRIP2,,,,
NEX_P55291,P55291,CDH15,,,,
NEX_P58417,P58417,NXPH1,,,,
NEX_P63098,P63098,PPP3R1,,,,
NEX_P78560,P78560,CRADD,,,,
NEX_Q03393,Q03393,PTS,,,,
NEX_Q06323,Q06323,PSME1,,,,
NEX_Q10589,Q10589,BST2,,,,
NEX_Q12864,Q12864,CDH17,,,,
NEX_Q13444,Q13444,ADAM15,,,,
NEX_Q13451,Q13451,FKBP5,,,,
NEX_Q14956,Q14956,GPNMB,,,,
NEX_Q15126,Q15126,PMVK,,,,
NEX_Q16619,Q16619,CTF1,,,,
NEX_Q16864,Q16864,ATP6V1F,,,,
NEX_Q5JZY3,Q5JZY3,EPHA10,,,,
NEX_Q6UWL6,Q6UWL6,KIRREL2,,,,
NEX_Q6UX27,Q6UX27,VSTM1,,,,
NEX_Q6UXK2,Q6UXK2,ISLR2,,,,
NEX_Q86Z14,Q86Z14,KLB,,,,
NEX_Q8IU54,Q8IU54,IFNL1,,,,
NEX_Q8IX05,Q8IX05,CD302,,,,
NEX_Q8N474,Q8N474,SFRP1,,,,
NEX_Q8TCT1,Q8TCT1,PHOSPHO1,,,,
NEX_Q92597,Q92597,NDRG1,,,,
NEX_Q969M7,Q969M7,UBE2F,,,,
NEX_Q96B36,Q96B36,AKT1S1,,,,
NEX_Q96EK5,Q96EK5,KIAA1279,,,,
NEX_Q96EP0,Q96EP0,RNF31,,,,
NEX_Q96IU4,Q96IU4,ABHD14B,,,,
NEX_Q96RJ3,Q96RJ3,TNFRSF13C,,,,
NEX_Q99426,Q99426,TBCB,,,,
NEX_Q9BTE6,Q9BTE6,"PTGES3L-AARSD1,AARSD1",,,,
NEX_Q9BW30,Q9BW30,TPPP3,,,,
NEX_Q9BYC5,Q9BYC5,FUT8,,,,
NEX_Q9H0C8,Q9H0C8,ILKAP,,,,
NEX_Q9H477,Q9H477,RBKS,,,,
NEX_Q9H4A9,Q9H4A9,DPEP2,,,,
NEX_Q9H4F8,Q9H4F8,SMOC1,,,,
NEX_Q9NRG1,Q9NRG1,PRTFDC1,,,,
NEX_Q9UHV9,Q9UHV9,PFDN2,,,,
NEX_Q9UJ72,Q9UJ72,ANXA10,,,,
NEX_Q9UK53,Q9UK53,ING1,,,,
NEX_Q9UKS7,Q9UKS7,IKZF2,,,,
NEX_Q9Y2V2,Q9Y2V2,CARHSP1,,,,
NEX_Q9Y4X3,Q9Y4X3,CCL27,,,,
NEX_Q9Y5P4,Q9Y5P4,COL4A3BP,,,,
NEX_Q9Y680,Q9Y680,FKBP7,,,,
NEX_Q9Y6D9,Q9Y6D9,MAD1L1,,,,
ODA_O00186,O00186,STXBP3,,,,
ODA_O00748,O00748,CES2,,,,
ODA_O14713,O14713,ITGB1BP1,,,,
ODA_O15357,O15357,INPPL1,,,,
ODA_O43570,O43570,CA12,,,,
ODA_O43854,O43854,EDIL3,,,,
ODA_O60240,O60240,PLIN1,,,,
ODA_O60760,O60760,HPGDS,,,,
ODA_O60934,O60934,NBN,,,,
ODA_O75354,O75354,ENTPD6,,,,
ODA_O75569,O75569,PRKRA,,,,
ODA_O75688,O75688,PPM1B,,,,
ODA_O75787,O75787,ATP6AP2,,,,
ODA_O95831,O95831,AIFM1,,,,
ODA_O95994,O95994,AGR2,,,,
ODA_P01229,P01229,LHB,,,,
ODA_P01258,P01258,CALCA,,,,
ODA_P01588,P01588,EPO,,,,
ODA_P06850,P06850,CRH,,,,
ODA_P07332,P07332,FES,,,,
ODA_P07947,P07947,YES1,,,,
ODA_P09769,P09769,FGR,,,,
ODA_P09960,P09960,LTA4H,,,,
ODA_P19429,P19429,TNNI3,,,,
ODA_P19878,P19878,NCF2,,,,
ODA_P20472,P20472,PVALB,,,,
ODA_P20936,P20936,RASA1,,,,
ODA_P21246,P21246,PTN,,,,
ODA_P23582,P23582,NPPC,,,,
ODA_P25786,P25786,PSMA1,,,,
ODA_P27797,P27797,CALR,,,,
ODA_P29474,P29474,NOS3,,,,
ODA_P30838,P30838,ALDH3A1,,,,
ODA_P35070,P35070,BTC,,,,
ODA_P40121,P40121,CAPG,,,,
ODA_P42658,P42658,DPP6,,,,
ODA_P42768,P42768,WAS,,,,
ODA_P48730,P48730,CSNK1D,,,,
ODA_P49023,P49023,PXN,,,,
ODA_P49763-3,P49763,PGF,,,,
ODA_P49767,P49767,VEGFC,,,,
ODA_P49788,P49788,RARRES1,,,,
ODA_P50749,P50749,RASSF2,,,,
ODA_P53539,P53539,FOSB,,,,
ODA_P53582,P53582,METAP1,,,,
ODA_P55957,P55957,BID,,,,
ODA_P61244,P61244,MAX,,,,
ODA_P68106,P68106,FKBP1B,,,,
ODA_P80303,P80303,NUCB2,,,,
ODA_P98073,P98073,TMPRSS15,,,,
ODA_Q02246,Q02246,CNTN2,,,,
ODA_Q02880,Q02880,TOP2B,,,,
ODA_Q03426,Q03426,MVK,,,,
ODA_Q07954,Q07954,LRP1,,,,
ODA_Q0Z7S8,Q0Z7S8,FABP9,,,,
ODA_Q11201,Q11201,ST3GAL1,,,,
ODA_Q12778,Q12778,FOXO1,,,,
ODA_Q12913,Q12913,PTPRJ,,,,
ODA_Q13145,Q13145,BAMBI,,,,
ODA_Q13308,Q13308,PTK7,,,,
ODA_Q15116,Q15116,PDCD1,,,,
ODA_Q15165,Q15165,PON2,,,,
ODA_Q15797,Q15797,SMAD1,,,,
ODA_Q7L5Y9,Q7L5Y9,MAEA,,,,
ODA_Q7L8A9,Q7L8A9,VASH1,,,,
ODA_Q7LG56,Q7LG56,RRM2B,,,,
ODA_Q86SJ6,Q86SJ6,DSG4,,,,
ODA_Q86SR1,Q86SR1,GALNT10,,,,
ODA_Q86WD7,Q86WD7,SERPINA9,,,,
ODA_Q8IUK5,Q8IUK5,PLXDC1,,,,
ODA_Q8N8S7,Q8N8S7,ENAH,,,,
ODA_Q8NC01,Q8NC01,CLEC1A,,,,
ODA_Q8NDB2,Q8NDB2,BANK1,,,,
ODA_Q96D42,Q96D42,HAVCR1,,,,
ODA_Q96RT1,Q96RT1,ERBB2IP,,,,
ODA_Q9BXJ7,Q9BXJ7,AMN,,,,
ODA_Q9GZY6,Q9GZY6,LAT2,,,,
ODA_Q9HAW4,Q9HAW4,CLSPN,,,,
ODA_Q9NQ88,Q9NQ88,C12orf5,,,,
ODA_Q9NRA1,Q9NRA1,PDGFC,,,,
ODA_Q9NXA8,Q9NXA8,SIRT5,,,,
ODA_Q9P0J1,Q9P0J1,PDP1,,,,
ODA_Q9UHF1,Q9UHF1,EGFL7,,,,
ODA_Q9UKL0,Q9UKL0,RCOR1,,,,
ODA_Q9ULX7,Q9ULX7,CA14,,,,
ODA_Q9UNK0,Q9UNK0,STX8,,,,
ODA_Q9Y478,Q9Y478,PRKAB1,,,,
ODA_Q9Y4K4,Q9Y4K4,MAP4K5,,,,
ODA_Q9Y5A7,Q9Y5A7,NUB1,,,,
ODA_Q9Y5L3,Q9Y5L3,ENTPD2,,,,
ODA_Q9Y5V3,Q9Y5V3,MAGED1,,,,
ODA_Q9Y653,Q9Y653,GPR56,,,,
ONC2_O00548,O00548,DLL1,,,,
ONC2_O00592,O00592,PODXL,,,,
ONC2_O00622,O00622,CYR61,,,,
ONC2_O14828,O14828,SCAMP3,,,,
ONC2_O15455,O15455,TLR3,,,,
ONC2_O43895,O43895,XPNPEP2,,,,
ONC2_O43927,O43927,CXCL13,,,,
ONC2_O60259,O60259,KLK8,,,,
ONC2_O60911,O60911,CTSV,,,,
ONC2_O75144,O75144,ICOSLG,,,,
ONC2_O75888,O75888,TNFSF13,,,,
ONC2_O95274,O95274,LYPD3,,,,
ONC2_O95388,O95388,WISP1,,,,
ONC2_O95407,O95407,TNFRSF6B,,,,
ONC2_O95971,O95971,CD160,,,,
ONC2_P00519,P00519,ABL1,,,,
ONC2_P01133,P01133,EGF,,,,
ONC2_P01135,P01135,TGFA,,,,
ONC2_P01298,P01298,PPY,,,,
ONC2_P04083,P04083,ANXA1,,,,
ONC2_P04626,P04626,ERBB2,,,,
ONC2_P05231,P05231,IL6,,,,
ONC2_P06731,P06731,CEACAM5,,,,
ONC2_P06756,P06756,ITGAV,,,,
ONC2_P07948,P07948,LYN,,,,
ONC2_P07949,P07949,RET,,,,
ONC2_P08069,P08069,IGF1R,,,,
ONC2_P08670,P08670,VIM,,,,
ONC2_P09326,P09326,CD48,,,,
ONC2_P09382,P09382,LGALS1,,,,
ONC2_P09486,P09486,SPARC,,,,
ONC2_P09958,P09958,FURIN,,,,
ONC2_P10144,P10144,GZMB,,,,
ONC2_P13688,P13688,CEACAM1,,,,
ONC2_P14210,P14210,HGF,,,,
ONC2_P15260,P15260,IFNGR1,,,,
ONC2_P15328,P15328,FOLR1,,,,
ONC2_P15514,P15514,"AREG,AREGB",,,,
ONC2_P15692,P15692,VEGFA,,,,
ONC2_P16870,P16870,CPE,,,,
ONC2_P18084,P18084,ITGB5,,,,
ONC2_P18827,P18827,SDC1,,,,
ONC2_P20718,P20718,GZMH,,,,
ONC2_P21583,P21583,KITLG,,,,
ONC2_P21589,P21589,NT5E,,,,
ONC2_P21741,P21741,MDK,,,,
ONC2_P21860,P21860,ERBB3,,,,
ONC2_P26447,P26447,S100A4,,,,
ONC2_P26842,P26842,CD27,,,,
ONC2_P29317,P29317,EPHA2,,,,
ONC2_P31949,P31949,S100A11,,,,
ONC2_P32970,P32970,CD70,,,,
ONC2_P35052,P35052,GPC1,,,,
ONC2_P35916,P35916,FLT4,,,,
ONC2_P35968,P35968,KDR,,,,
ONC2_P37173,P37173,TGFBR2,,,,
ONC2_P38936,P38936,CDKN1A,,,,
ONC2_P40222,P40222,TXLNA,,,,
ONC2_P41439,P41439,FOLR3,,,,
ONC2_P43489,P43489,TNFRSF4,,,,
ONC2_P48023,P48023,FASLG,,,,
ONC2_P48307,P48307,TFPI2,,,,
ONC2_P50579,P50579,METAP2,,,,
ONC2_P50591,P50591,TNFSF10,,,,
ONC2_P56279,P56279,TCL1A,,,,
ONC2_P78325,P78325,ADAM8,,,,
ONC2_Q13158,Q13158,FADD,,,,
ONC2_Q13421,Q13421,MSLN,,,,
ONC2_Q14508,Q14508,WFDC2,,,,
ONC2_Q14512,Q14512,FGFBP1,,,,
ONC2_Q14956,Q14956,GPNMB,,,,
ONC2_Q15303,Q15303,ERBB4,,,,
ONC2_Q16674,Q16674,MIA,,,,
ONC2_Q16790,Q16790,CA9,,,,
"ONC2_Q29983,Q29980","Q29983,Q29980","MICA,MICB",,,,
ONC2_Q6BAA4,Q6BAA4,FCRLB,,,,
ONC2_Q6UXB2,Q6UXB2,CXCL17,,,,
ONC2_Q8TE58,Q8TE58,ADAMTS15,,,,
ONC2_Q8WXI7,Q8WXI7,MUC16,,,,
ONC2_Q96NY8,Q96NY8,PVRL4,,,,
ONC2_Q99717,Q99717,SMAD5,,,,
ONC2_Q9BXY4,Q9BXY4,RSPO3,,,,
ONC2_Q9BYH1,Q9BYH1,SEZ6L,,,,
ONC2_Q9HBG7,Q9HBG7,LY9,,,,
ONC2_Q9NQ30,Q9NQ30,ESM1,,,,
ONC2_Q9NS68,Q9NS68,TNFRSF19,,,,
ONC2_Q9P0G3,Q9P0G3,KLK14,,,,
ONC2_Q9UBG3,Q9UBG3,CRNN,,,,
ONC2_Q9UBX7,Q9UBX7,KLK11,,,,
ONC2_Q9UJ71,Q9UJ71,CD207,,,,
ONC2_Q9UKR3,Q9UKR3,KLK13,,,,
ONC2_Q9Y5W5,Q9Y5W5,WIF1,,,,
ONC3_O00233,O00233,PSMD9,,,,
ONC3_O14558,O14558,HSPB6,,,,
ONC3_O43524,O43524,FOXO3,,,,
ONC3_O43707,O43707,ACTN4,,,,
ONC3_O60542,O60542,PSPN,,,,
ONC3_O60575,O60575,SPINK4,,,,
ONC3_O60763,O60763,USO1,,,,
ONC3_O60907,O60907,TBL1X,,,,
ONC3_O75695,O75695,RP2,,,,
ONC3_O76038,O76038,SCGN,,,,
ONC3_O95379,O95379,TNFAIP8,,,,
ONC3_O95715,O95715,CXCL14,,,,
ONC3_P01303,P01303,NPY,,,,
ONC3_P01584,P01584,IL1B,,,,
ONC3_P01591,P01591,IGJ,,,,
ONC3_P02745,P02745,C1QA,,,,
ONC3_P02771,P02771,AFP,,,,
ONC3_P05187,P05187,ALPP,,,,
ONC3_P06865,P06865,HEXA,,,,
ONC3_P08397,P08397,HMBS,,,,
ONC3_P09105,P09105,HBQ1,,,,
ONC3_P09110,P09110,ACAA1,,,,
ONC3_P0DN86,P0DN86,CGB3,,,,
ONC3_P12872,P12872,MLN,,,,
ONC3_P13521,P13521,SCG2,,,,
ONC3_P13693,P13693,TPT1,,,,
ONC3_P13747,P13747,HLA-E,,,,
ONC3_P15121,P15121,AKR1B1,,,,
ONC3_P17948,P17948,FLT1,,,,
ONC3_P20273,P20273,CD22,,,,
ONC3_P20340,P20340,RAB6A,,,,
ONC3_P20849,P20849,COL9A1,,,,
ONC3_P28827,P28827,PTPRM,,,,
ONC3_P28838,P28838,LAP3,,,,
ONC3_P30260,P30260,CDC27,,,,
ONC3_P32004,P32004,L1CAM,,,,
ONC3_P33241,P33241,LSP1,,,,
ONC3_P35637,P35637,FUS,,,,
ONC3_P36888,P36888,FLT3,,,,
ONC3_P38484,P38484,IFNGR2,,,,
ONC3_P42331,P42331,ARHGAP25,,,,
ONC3_P42575,P42575,CASP2,,,,
ONC3_P43490,P43490,NAMPT,,,,
ONC3_P48643,P48643,CCT5,,,,
ONC3_P49441,P49441,INPP1,,,,
ONC3_P51580,P51580,TPMT,,,,
ONC3_P55008,P55008,AIF1,,,,
ONC3_P55039,P55039,DRG2,,,,
ONC3_P55789,P55789,GFER,,,,
ONC3_P62166,P62166,NCS1,,,,
ONC3_Q08174,Q08174,PCDH1,,,,
ONC3_Q12904,Q12904,AIMP1,,,,
ONC3_Q13459,Q13459,MYO9B,,,,
ONC3_Q14241,Q14241,TCEB3,,,,
ONC3_Q14353,Q14353,GAMT,,,,
ONC3_Q14773,Q14773,ICAM4,,,,
ONC3_Q496F6,Q496F6,CD300E,,,,
ONC3_Q53H82,Q53H82,LACTB2,,,,
ONC3_Q5VIR6,Q5VIR6,VPS53,,,,
ONC3_Q6PCB0,Q6PCB0,VWA1,,,,
ONC3_Q7Z5L0,Q7Z5L0,VMO1,,,,
ONC3_Q7Z739,Q7Z739,YTHDF3,,,,
ONC3_Q86SF2,Q86SF2,GALNT7,,,,
ONC3_Q8IWL2,Q8IWL2,SFTPA1,,,,
ONC3_Q8NEZ2,Q8NEZ2,VPS37A,,,,
ONC3_Q8WUW1,Q8WUW1,BRK1,,,,
ONC3_Q92832,Q92832,NELL1,,,,
ONC3_Q93096,Q93096,PTP4A1,,,,
ONC3_Q96FQ6,Q96FQ6,S100A16,,,,
ONC3_Q96I15,Q96I15,SCLY,,,,
ONC3_Q96J42,Q96J42,TXNDC15,,,,
ONC3_Q96PD4,Q96PD4,IL17F,,,,
ONC3_Q99536,Q99536,VAT1,,,,
ONC3_Q99795,Q99795,GPA33,,,,
ONC3_Q9BS26,Q9BS26,ERP44,,,,
ONC3_Q9BSL1,Q9BSL1,UBAC1,,,,
ONC3_Q9BYE9,Q9BYE9,CDHR2,,,,
ONC3_Q9H0P0,Q9H0P0,NT5C3A,,,,
ONC3_Q9H3G5,Q9H3G5,CPVL,,,,
ONC3_Q9H773,Q9H773,DCTPP1,,,,
ONC3_Q9H8J5,Q9H8J5,MANSC1,,,,
ONC3_Q9HD26,Q9HD26,GOPC,,,,
ONC3_Q9NTU7,Q9NTU7,CBLN4,,,,
ONC3_Q9P1Z2,Q9P1Z2,CALCOCO1,,,,
ONC3_Q9UDT6,Q9UDT6,CLIP2,,,,
ONC3_Q9UHD8,Q9UHD8,2022-09-09 00:00:00,,,,
ONC3_Q9UJY5,Q9UJY5,GGA1,,,,
ONC3_Q9UMF0,Q9UMF0,ICAM5,,,,
ONC3_Q9Y2B0,Q9Y2B0,CNPY2,,,,
ONC3_Q9Y5K2,Q9Y5K2,KLK4,,,,
ONC3_Q9Y5K8,Q9Y5K8,ATP6V1D,,,,
ONC3_Q9Y644,Q9Y644,RFNG,,,,
